,submit_form_code,site,location,microsite,overall_sample_number,samplenumber,what,what_where,collection_date,collection_date_value,collection_time,life_stage_cohort,life_stage,bird_name,bird_id,cohousing_status,cohousing_id,cohort,cohort_actual,age_1,age_2,average_age,age_bin,weight,weight_bin,sample_freshness,coccidiosis_treatment_history,coccidiosis_treatment,eryvac_vaccination_dose_1_date,eryvac_vaccination_dose_1_date_value,eryvac_vaccination_dosage_1,eryvac_vaccination_dose_2_date,eryvac_vaccination_dose_2_date_value,eryvac_vaccination_dosage_2,medical_history,antiobiotics_history_med_1,antiobiotics_history_med_2,antiobiotics_history_med_3,antibiotics_history,antibiotics_status_on_collection,antifungal_history_med_1,antifungal_history_med_2,antifungal_history,antifungal_status_on_collection,cohort_bird_name
AG0699_rowi_002,AG0699_rowi_002,Willowbank,wild_chick_pens,holding_pen_2_hutch,2,2,kiwi_poo,kiwi_poo_control,13/10/2020,44117,900,Control - Transitionary,Transitionary,Boof_Te_Haumaru,R.DG2021.1 / R.DK2021.1,positive,c3,Control,Control,36,38,37,<40,467.5,3,3,negative,NA,NA,NA,NA,NA,NA,NA,NA,NA,NA,NA,negative,negative,NA,NA,negative,negative,Control_Boof_Te_Haumaru
AG0699_rowi_003,AG0699_rowi_003,Willowbank,wild_chick_pens,holding_pen_2_hutch,3,3,kiwi_poo,kiwi_poo_control,13/10/2020,44117,1125,Control - Transitionary,Transitionary,Te_Haumaru,R.DK2021.1,negative,NA,Control,Control,38,NA,38,<40,526,3,1,negative,NA,20/10/2020,44124,0.5,3/11/2020,44138,0.5,NA,NA,NA,NA,negative,negative,NA,NA,negative,negative,Control_Te_Haumaru
AG0699_rowi_004,AG0699_rowi_004,Willowbank,runs,run_1_hutch,4,4,kiwi_poo,kiwi_poo_control,17/10/2020,44121,830,Control - Runs,Runs,Boof,R.DG2021.1,negative,NA,Control,Control,40,NA,40,<40,466,3,2,negative,NA,20/10/2020,44124,0.5,3/11/2020,44138,0.5,NA,NA,NA,NA,negative,negative,NA,NA,negative,negative,Control_Boof
AG0699_rowi_005,AG0699_rowi_005,Willowbank,runs,run_1_hutch,5,5,kiwi_poo,kiwi_poo_control,17/10/2020,44121,830,Control - Runs,Runs,Te_Haumaru,R.DK2021.1,negative,NA,Control,Control,42,NA,42,<50,526,3,2,negative,NA,20/10/2020,44124,0.5,3/11/2020,44138,0.5,NA,NA,NA,NA,negative,negative,NA,NA,negative,negative,Control_Te_Haumaru
AG0699_rowi_006,AG0699_rowi_006,Willowbank,transport_box,transport_box,6,6,kiwi_poo,kiwi_poo_control,21/10/2020,44125,700,Control - Transitionary,Transitionary,Brownie,R.DZ2021.1,negative,NA,Control,Control,24,NA,24,<30,417.5,2,1,negative,NA,14/10/2020,44118,0.5,28/10/2020,44132,0.5,NA,NA,NA,NA,negative,negative,NA,NA,negative,negative,Control_Brownie
AG0699_rowi_007,AG0699_rowi_007,Willowbank,transport_box,transport_box_swab,7,7,environmental_swab,swab_willowbank,22/10/2020,44126,700,Willowbank swab,NA,NA,NA,NA,NA,Willowbank environmental,NA,NA,NA,NA,NA,NA,NA,1,NA,NA,NA,NA,NA,NA,NA,NA,NA,NA,NA,NA,NA,NA,NA,NA,NA,NA,NA_NA
AG0699_rowi_008,AG0699_rowi_008,Willowbank,wild_chick_pens,holding_pen_2_swab_hutch,8,8,environmental_swab,swab_willowbank,21/10/2020,44125,700,Willowbank swab,NA,NA,NA,NA,NA,Willowbank environmental,NA,NA,NA,NA,NA,NA,NA,1,NA,NA,NA,NA,NA,NA,NA,NA,NA,NA,NA,NA,NA,NA,NA,NA,NA,NA,NA_NA
AG0699_rowi_009,AG0699_rowi_009,Willowbank,transport_box,transport_box,9,9,kiwi_poo,kiwi_poo_control,21/10/2020,44125,700,Control - Transitionary,Transitionary,Mahuta,R.CU2021.1,negative,NA,Control,Control,24,NA,24,<30,417.5,2,1,negative,NA,14/10/2020,44118,0.5,28/10/2020,44132,0.5,NA,NA,NA,NA,negative,negative,NA,NA,negative,negative,Control_Mahuta
AG0699_rowi_010,AG0699_rowi_010,Willowbank,runs,run_1_hutch,10,10,kiwi_poo,kiwi_poo_control,21/10/2020,44125,700,Control - Runs,Runs,Boof_Te_Haumaru,R.DG2021.1 / R.DK2021.1,positive,c3,Control,Control,44,46,45,<50,530,3,2,negative,NA,NA,NA,NA,NA,NA,NA,NA,NA,NA,NA,negative,negative,NA,NA,negative,negative,Control_Boof_Te_Haumaru
AG0699_rowi_011,AG0699_rowi_011,Willowbank,runs,run_1,11,11,environmental_soil,soil_willowbank,21/10/2020,44125,700,Willowbank soil,Soil,NA,NA,NA,NA,Willowbank environmental,NA,NA,NA,NA,NA,NA,NA,4,NA,NA,NA,NA,NA,NA,NA,NA,NA,NA,NA,NA,NA,NA,NA,NA,NA,NA,NA_NA
AG0699_rowi_012,AG0699_rowi_012,Willowbank,runs,run_2,12,12,environmental_soil,soil_willowbank,21/10/2020,44125,700,Willowbank soil,Soil,NA,NA,NA,NA,Willowbank environmental,NA,NA,NA,NA,NA,NA,NA,4,NA,NA,NA,NA,NA,NA,NA,NA,NA,NA,NA,NA,NA,NA,NA,NA,NA,NA,NA_NA
AG0699_rowi_015,AG0699_rowi_015,Willowbank,runs,run_5,15,15,environmental_soil,soil_willowbank,21/10/2020,44125,700,Willowbank soil,Soil,NA,NA,NA,NA,Willowbank environmental,NA,NA,NA,NA,NA,NA,NA,4,NA,NA,NA,NA,NA,NA,NA,NA,NA,NA,NA,NA,NA,NA,NA,NA,NA,NA,NA_NA
AG0699_rowi_017,AG0699_rowi_017,Willowbank,runs,run_7,17,17,environmental_soil,soil_willowbank,21/10/2020,44125,700,Willowbank soil,Soil,NA,NA,NA,NA,Willowbank environmental,NA,NA,NA,NA,NA,NA,NA,4,NA,NA,NA,NA,NA,NA,NA,NA,NA,NA,NA,NA,NA,NA,NA,NA,NA,NA,NA_NA
AG0699_rowi_018,AG0699_rowi_018,Willowbank,runs,run_8,18,18,environmental_soil,soil_willowbank,21/10/2020,44125,700,Willowbank soil,Soil,NA,NA,NA,NA,Willowbank environmental,NA,NA,NA,NA,NA,NA,NA,4,NA,NA,NA,NA,NA,NA,NA,NA,NA,NA,NA,NA,NA,NA,NA,NA,NA,NA,NA_NA
AG0699_rowi_019,AG0699_rowi_019,Willowbank,runs,run_9,19,19,environmental_soil,soil_willowbank,21/10/2020,44125,700,Willowbank soil,Soil,NA,NA,NA,NA,Willowbank environmental,NA,NA,NA,NA,NA,NA,NA,4,NA,NA,NA,NA,NA,NA,NA,NA,NA,NA,NA,NA,NA,NA,NA,NA,NA,NA,NA_NA
AG0699_rowi_020,AG0699_rowi_020,Willowbank,wild_chick_pens,holding_pen_2_hutch,20,20,kiwi_poo,kiwi_poo_control,22/10/2020,44126,830,Control - Transitionary,Transitionary,Brownie_Mahuta,R.DZ2021.1 / R.CU2021.1,positive,c4,Control,Control,25,25,25,<30,430,2,1,negative,NA,NA,NA,NA,NA,NA,NA,NA,NA,NA,NA,negative,negative,NA,NA,negative,negative,Control_Brownie_Mahuta
AG0699_rowi_021,AG0699_rowi_021,Willowbank,wild_chick_pens,holding_pen_2_hutch,21,21,kiwi_poo,kiwi_poo_control,22/10/2020,44126,830,Control - Transitionary,Transitionary,Brownie_Mahuta,R.DZ2021.1 / R.CU2021.1,positive,c4,Control,Control,25,25,25,<30,430,2,1,negative,NA,NA,NA,NA,NA,NA,NA,NA,NA,NA,NA,negative,negative,NA,NA,negative,negative,Control_Brownie_Mahuta
AG0699_rowi_023,AG0699_rowi_023,Willowbank,wild_chick_pens,holding_pen_2_hutch,23,23,kiwi_poo,kiwi_poo_control,23/10/2020,44127,830,Control - Transitionary,Transitionary,Brownie_Mahuta,R.DZ2021.1 / R.CU2021.1,positive,c4,Control,Control,26,26,26,<30,440,2,1,negative,NA,NA,NA,NA,NA,NA,NA,NA,NA,NA,NA,negative,negative,NA,NA,negative,negative,Control_Brownie_Mahuta
AG0699_rowi_024,AG0699_rowi_024,Willowbank,wild_chick_pens,holding_pen_2_hutch,24,24,kiwi_poo,kiwi_poo_control,23/10/2020,44127,830,Control - Transitionary,Transitionary,Brownie_Mahuta,R.DZ2021.1 / R.CU2021.1,positive,c4,Control,Control,26,26,26,<30,440,2,1,negative,NA,NA,NA,NA,NA,NA,NA,NA,NA,NA,NA,negative,negative,NA,NA,negative,negative,Control_Brownie_Mahuta
AG0699_rowi_025,AG0699_rowi_025,Willowbank,runs,run_2_hutch,25,25,kiwi_poo,kiwi_poo_control,28/10/2020,44132,1100,Control - Runs,Runs,Brownie_Mahuta,R.DZ2021.1 / R.CU2021.1,positive,c4,Control,Control,31,31,31,<40,507.5,3,1,negative,NA,NA,NA,NA,NA,NA,NA,NA,NA,NA,NA,negative,negative,NA,NA,negative,negative,Control_Brownie_Mahuta
AG0699_rowi_028,AG0699_rowi_028,Willowbank,runs,run_1_hutch,28,28,kiwi_poo,kiwi_poo_control,28/10/2020,44132,1100,Control - Runs,Runs,Boof_Te_Haumaru,R.DG2021.1 / R.DK2021.1,positive,c3,Control,Control,51,53,52,<60,592.5,4,1,negative,NA,NA,NA,NA,NA,NA,NA,NA,NA,NA,NA,negative,negative,NA,NA,negative,negative,Control_Boof_Te_Haumaru
AG0699_rowi_029,AG0699_rowi_029,Willowbank,transport_box,transport_box,29,29,kiwi_poo,kiwi_poo_control,3/11/2020,44138,1630,Control - Transitionary,Transitionary,Alice,R.EA2021.1,negative,NA,Control,Control,24,NA,24,<30,379,2,3,negative,NA,27/10/2020,44131,0.5,10/11/2020,44145,0.5,NA,NA,NA,NA,negative,negative,NA,NA,negative,negative,Control_Alice
AG0699_rowi_030,AG0699_rowi_030,Willowbank,transport_box,transport_box,30,30,kiwi_poo,kiwi_poo_control,3/11/2020,44138,1630,Control - Transitionary,Transitionary,Proudfoot,R.FA2021.1,negative,NA,Control,Control,30,NA,30,<40,411,2,3,negative,NA,27/10/2020,44131,0.5,10/11/2020,44145,0.5,NA,NA,NA,NA,negative,negative,NA,NA,negative,negative,Control_Proudfoot
AG0699_rowi_031,AG0699_rowi_031,Willowbank,transport_box,transport_box,31,31,kiwi_poo,kiwi_poo_control,3/11/2020,44138,1630,Control - Transitionary,Transitionary,Elmo,R.EL2021.1.2,negative,NA,Control,Control,33,NA,33,<40,568,4,3,negative,NA,27/10/2020,44131,0.5,10/11/2020,44145,0.5,NA,NA,NA,NA,negative,negative,NA,NA,negative,negative,Control_Elmo
AG0699_rowi_033,AG0699_rowi_033,Willowbank,wild_chick_pens,holding_pen_1_hutch,33,33,kiwi_poo,kiwi_poo_control,4/11/2020,44139,830,Control - Transitionary,Transitionary,Proudfoot_Alice,R.FA2021.1 / R.EA2021.1,positive,c8,Control,Control,31,25,28,<30,378.5,2,1,negative,NA,NA,NA,NA,NA,NA,NA,NA,NA,NA,NA,negative,negative,NA,NA,negative,negative,Control_Proudfoot_Alice
AG0699_rowi_034,AG0699_rowi_034,Willowbank,wild_chick_pens,holding_pen_2_hutch,34,34,kiwi_poo,kiwi_poo_control,4/11/2020,44139,830,Control - Transitionary,Transitionary,Elmo_Wiggles,R.EL2021.1.2 / R.ES2021.1,positive,c5,Control,Control,34,35,34.5,<40,502.5,3,1,negative,NA,NA,NA,NA,NA,NA,NA,NA,NA,NA,NA,negative,negative,NA,NA,negative,negative,Control_Elmo_Wiggles
AG0699_rowi_035,AG0699_rowi_035,Willowbank,runs,run_1_hutch,35,35,kiwi_poo,kiwi_poo_control,4/11/2020,44139,830,Control - Runs,Runs,Boof_Te_Haumaru,R.DG2021.1 / R.DK2021.1,positive,c3,Control,Control,58,60,59,<60,647.5,4,1,negative,NA,NA,NA,NA,NA,NA,NA,NA,NA,NA,NA,negative,negative,NA,NA,negative,negative,Control_Boof_Te_Haumaru
AG0699_rowi_036,AG0699_rowi_036,Willowbank,runs,run_2_hutch,36,36,kiwi_poo,kiwi_poo_control,4/11/2020,44139,830,Control - Runs,Runs,Brownie_Mahuta,R.DZ2021.1 / R.CU2021.1,positive,c4,Control,Control,38,38,38,<40,602.5,4,1,negative,NA,NA,NA,NA,NA,NA,NA,NA,NA,NA,NA,negative,negative,NA,NA,negative,negative,Control_Brownie_Mahuta
AG0699_rowi_037,AG0699_rowi_037,Willowbank,wild_chick_pens,holding_pen_1_hutch,37,37,kiwi_poo,kiwi_poo_control,5/11/2020,44140,830,Control - Transitionary,Transitionary,Proudfoot_Alice,R.FA2021.1 / R.EA2021.1,positive,c8,Control,Control,32,26,29,<30,390,2,1,negative,NA,NA,NA,NA,NA,NA,NA,NA,NA,NA,NA,negative,negative,NA,NA,negative,negative,Control_Proudfoot_Alice
AG0699_rowi_038,AG0699_rowi_038,Willowbank,wild_chick_pens,holding_pen_2_hutch,38,38,kiwi_poo,kiwi_poo_control,5/11/2020,44140,830,Control - Transitionary,Transitionary,Elmo_Wiggles,R.EL2021.1.2 / R.ES2021.1,positive,c5,Control,Control,35,36,35.5,<40,515,3,1,negative,NA,NA,NA,NA,NA,NA,NA,NA,NA,NA,NA,negative,negative,NA,NA,negative,negative,Control_Elmo_Wiggles
AG0699_rowi_039,AG0699_rowi_039,Willowbank,runs,run_1_hutch,39,39,kiwi_poo,kiwi_poo_control,12/11/2020,44147,830,Control - Runs,Runs,Boof_Te_Haumaru,R.DG2021.1 / R.DK2021.1,positive,c3,Control,Control,66,68,67,<70,692.5,5,1,negative,NA,NA,NA,NA,NA,NA,NA,NA,NA,NA,NA,negative,negative,NA,NA,negative,negative,Control_Boof_Te_Haumaru
AG0699_rowi_040,AG0699_rowi_040,Willowbank,runs,run_2_hutch,40,40,kiwi_poo,kiwi_poo_control,12/11/2020,44147,830,Control - Runs,Runs,Brownie_Mahuta,R.DZ2021.1 / R.CU2021.1,positive,c4,Control,Control,46,46,46,<50,680,5,1,negative,NA,NA,NA,NA,NA,NA,NA,NA,NA,NA,NA,negative,negative,NA,NA,negative,negative,Control_Brownie_Mahuta
AG0699_rowi_041,AG0699_rowi_041,Willowbank,runs,run_3_hutch,41,41,kiwi_poo,kiwi_poo_control,12/11/2020,44147,830,Control - Runs,Runs,Elmo_Wiggles,R.EL2021.1.2 / R.ES2021.1,positive,c5,Control,Control,42,43,42.5,<50,580,4,1,negative,NA,NA,NA,NA,NA,NA,NA,NA,NA,NA,NA,negative,negative,NA,NA,negative,negative,Control_Elmo_Wiggles
AG0699_rowi_042,AG0699_rowi_042,Willowbank,runs,run_4_hutch,42,42,kiwi_poo,kiwi_poo_control,12/11/2020,44147,830,Control - Runs,Runs,Proudfoot_Alice,R.FA2021.1 / R.EA2021.1,positive,c8,Control,Control,39,33,36,<40,455,3,1,negative,NA,NA,NA,NA,NA,NA,NA,NA,NA,NA,NA,negative,negative,NA,NA,negative,negative,Control_Proudfoot_Alice
AG0699_rowi_043,AG0699_rowi_043,Willowbank,transport_box,transport_box,43,43,kiwi_poo,kiwi_poo_control,18/11/2020,44153,1900,Control - Transitionary,Transitionary,Aqua,R.FO2021.1,negative,NA,Control,Control,29,NA,29,<30,415,2,3,negative,NA,8/11/2020,44143,0.5,1/12/2020,44166,0.5,NA,NA,NA,NA,negative,negative,NA,NA,negative,negative,Control_Aqua
AG0699_rowi_044,AG0699_rowi_044,Willowbank,transport_box,transport_box,44,44,kiwi_poo,kiwi_poo_control,18/11/2020,44153,1900,Control - Transitionary,Transitionary,Mac,R.K22021.1,negative,NA,Control,Control,39,NA,39,<40,590,4,3,negative,NA,8/11/2020,44143,0.5,1/12/2020,44166,0.5,NA,NA,NA,NA,negative,negative,NA,NA,negative,negative,Control_Mac
AG0699_rowi_045,AG0699_rowi_045,Willowbank,transport_box,transport_box,45,45,kiwi_poo,kiwi_poo_control,18/11/2020,44153,1900,Control - Transitionary,Transitionary,Snickers,R.EX2021.1,negative,NA,Control,Control,35,NA,35,<40,453,3,3,negative,NA,8/11/2020,44143,0.5,1/12/2020,44166,0.5,NA,NA,NA,NA,negative,negative,NA,NA,negative,negative,Control_Snickers
AG0699_rowi_047,AG0699_rowi_047,Willowbank,wild_chick_pens,holding_pen_1_hutch,47,47,kiwi_poo,kiwi_poo_control,19/11/2020,44154,800,Control - Transitionary,Transitionary,Aqua_Snickers,R.FO2021.1 / R.EX2021.1,positive,c2,Control,Control,30,36,33,<40,417.5,2,1,negative,NA,NA,NA,NA,NA,NA,NA,NA,NA,NA,NA,negative,negative,NA,NA,negative,negative,Control_Aqua_Snickers
AG0699_rowi_048,AG0699_rowi_048,Willowbank,runs,run_1_hutch,48,48,kiwi_poo,kiwi_poo_control,19/11/2020,44154,800,Control - Runs,Runs,Boof_Te_Haumaru,R.DG2021.1 / R.DK2021.1,positive,c3,Control,Control,73,75,74,<80,735,5,1,negative,NA,NA,NA,NA,NA,NA,NA,NA,NA,NA,NA,negative,negative,NA,NA,negative,negative,Control_Boof_Te_Haumaru
AG0699_rowi_049,AG0699_rowi_049,Willowbank,runs,run_2_hutch,49,49,kiwi_poo,kiwi_poo_control,19/11/2020,44154,800,Control - Runs,Runs,Brownie_Mahuta,R.DZ2021.1 / R.CU2021.1,positive,c4,Control,Control,53,53,53,<60,737.5,5,1,negative,NA,NA,NA,NA,NA,NA,NA,NA,NA,NA,NA,negative,negative,NA,NA,negative,negative,Control_Brownie_Mahuta
AG0699_rowi_050,AG0699_rowi_050,Willowbank,runs,run_3_hutch,50,50,kiwi_poo,kiwi_poo_control,19/11/2020,44154,800,Control - Runs,Runs,Elmo_Wiggles,R.EL2021.1.2 / R.ES2021.1,positive,c5,Control,Control,49,50,49.5,<50,630,4,1,negative,NA,NA,NA,NA,NA,NA,NA,NA,NA,NA,NA,negative,negative,NA,NA,negative,negative,Control_Elmo_Wiggles
AG0699_rowi_051,AG0699_rowi_051,Willowbank,runs,run_4_hutch,51,51,kiwi_poo,kiwi_poo_control,19/11/2020,44154,800,Control - Runs,Runs,Proudfoot_Alice,R.FA2021.1 / R.EA2021.1,positive,c8,Control,Control,46,40,43,<50,520,3,1,negative,NA,NA,NA,NA,NA,NA,NA,NA,NA,NA,NA,negative,negative,NA,NA,negative,negative,Control_Proudfoot_Alice
AG0699_rowi_052,AG0699_rowi_052,Willowbank,wild_chick_pens,holding_pen_2_hutch,52,52,kiwi_poo,kiwi_poo_control,20/11/2020,44155,830,Control - Transitionary,Transitionary,Mac,R.K22021.1,negative,NA,Control,Control,41,NA,41,<50,570,4,1,negative,NA,8/11/2020,44143,0.5,1/12/2020,44166,0.5,NA,NA,NA,NA,negative,negative,NA,NA,negative,negative,Control_Mac
AG0699_rowi_053,AG0699_rowi_053,Willowbank,wild_chick_pens,holding_pen_1_hutch,53,53,kiwi_poo,kiwi_poo_control,20/11/2020,44155,830,Control - Transitionary,Transitionary,Aqua_Snickers,R.FO2021.1 / R.EX2021.1,positive,c2,Control,Control,31,37,34,<40,437.5,2,1,negative,NA,NA,NA,NA,NA,NA,NA,NA,NA,NA,NA,negative,negative,NA,NA,negative,negative,Control_Aqua_Snickers
AG0699_rowi_054,AG0699_rowi_054,Willowbank,runs,run_1_hutch,54,54,kiwi_poo,kiwi_poo_control,27/11/2020,44162,830,Control - Runs,Runs,Boof_Te_Haumaru,R.DG2021.1 / R.DK2021.1,positive,c3,Control,Control,81,83,82,<90,810,6,1,negative,NA,NA,NA,NA,NA,NA,NA,NA,NA,NA,NA,negative,negative,NA,NA,negative,negative,Control_Boof_Te_Haumaru
AG0699_rowi_055,AG0699_rowi_055,Willowbank,runs,run_2_hutch,55,55,kiwi_poo,kiwi_poo_control,27/11/2020,44162,830,Control - Runs,Runs,Brownie_Mahuta,R.DZ2021.1 / R.CU2021.1,positive,c4,Control,Control,61,61,61,<70,832.5,6,1,negative,NA,NA,NA,NA,NA,NA,NA,NA,NA,NA,NA,negative,negative,NA,NA,negative,negative,Control_Brownie_Mahuta
AG0699_rowi_056,AG0699_rowi_056,Willowbank,runs,run_3_hutch,56,56,kiwi_poo,kiwi_poo_control,27/11/2020,44162,830,Control - Runs,Runs,Elmo_Wiggles,R.EL2021.1.2 / R.ES2021.1,positive,c5,Control,Control,57,58,57.5,<60,722.5,5,1,positive,baycox,NA,NA,NA,NA,NA,NA,NA,NA,NA,NA,negative,negative,NA,NA,negative,negative,Control_Elmo_Wiggles
AG0699_rowi_057,AG0699_rowi_057,Willowbank,runs,run_4_hutch,57,57,kiwi_poo,kiwi_poo_control,27/11/2020,44162,830,Control - Runs,Runs,Proudfoot_Alice,R.FA2021.1 / R.EA2021.1,positive,c8,Control,Control,54,48,51,<60,602.5,4,1,negative,NA,NA,NA,NA,NA,NA,NA,NA,NA,NA,NA,negative,negative,NA,NA,negative,negative,Control_Proudfoot_Alice
AG0699_rowi_058,AG0699_rowi_058,Willowbank,runs,run_5_hutch,58,58,kiwi_poo,kiwi_poo_control,27/11/2020,44162,830,Control - Runs,Runs,Mac,R.K22021.1,negative,NA,Control,Control,48,NA,48,<50,620,4,1,negative,NA,8/11/2020,44143,0.5,1/12/2020,44166,0.5,NA,NA,NA,NA,negative,negative,NA,NA,negative,negative,Control_Mac
AG0699_rowi_059,AG0699_rowi_059,Willowbank,runs,run_6_hutch,59,59,kiwi_poo,kiwi_poo_control,27/11/2020,44162,830,Control - Runs,Runs,Aqua_Snickers,R.FO2021.1 / R.EX2021.1,positive,c2,Control,Control,38,44,41,<50,530,3,1,negative,NA,NA,NA,NA,NA,NA,NA,NA,NA,NA,NA,negative,negative,NA,NA,negative,negative,Control_Aqua_Snickers
AG0699_rowi_060,AG0699_rowi_060,Willowbank,runs,run_1_hutch,60,60,kiwi_poo,kiwi_poo_control,3/12/2020,44168,830,Control - Runs,Runs,Boof_Te_Haumaru,R.DG2021.1 / R.DK2021.1,positive,c3,Control,Control,87,89,88,<90,857.5,7,1,negative,NA,NA,NA,NA,NA,NA,NA,NA,NA,NA,NA,negative,negative,NA,NA,negative,negative,Control_Boof_Te_Haumaru
AG0699_rowi_061,AG0699_rowi_061,Willowbank,runs,run_2_hutch,61,61,kiwi_poo,kiwi_poo_control,3/12/2020,44168,830,Control - Runs,Runs,Brownie_Mahuta,R.DZ2021.1 / R.CU2021.1,positive,c4,Control,Control,67,67,67,<70,930,7,1,negative,NA,NA,NA,NA,NA,NA,NA,NA,NA,NA,NA,negative,negative,NA,NA,negative,negative,Control_Brownie_Mahuta
AG0699_rowi_062,AG0699_rowi_062,Willowbank,runs,run_3_hutch,62,62,kiwi_poo,kiwi_poo_control,3/12/2020,44168,830,Control - Runs,Runs,Elmo_Wiggles,R.EL2021.1.2 / R.ES2021.1,positive,c5,Control,Control,63,64,63.5,<70,782.5,6,1,positive,baycox,NA,NA,NA,NA,NA,NA,NA,NA,NA,NA,negative,negative,NA,NA,negative,negative,Control_Elmo_Wiggles
AG0699_rowi_063,AG0699_rowi_063,Willowbank,runs,run_4_hutch,63,63,kiwi_poo,kiwi_poo_control,3/12/2020,44168,830,Control - Runs,Runs,Proudfoot_Alice,R.FA2021.1 / R.EA2021.1,positive,c8,Control,Control,60,54,57,<60,665,5,1,positive,baycox,NA,NA,NA,NA,NA,NA,NA,NA,NA,NA,negative,negative,NA,NA,negative,negative,Control_Proudfoot_Alice
AG0699_rowi_064,AG0699_rowi_064,Willowbank,runs,run_5_hutch,64,64,kiwi_poo,kiwi_poo_control,3/12/2020,44168,830,Control - Runs,Runs,Mac,R.K22021.1,negative,NA,Control,Control,54,NA,54,<60,680,5,1,negative,NA,8/11/2020,44143,0.5,1/12/2020,44166,0.5,NA,NA,NA,NA,negative,negative,NA,NA,negative,negative,Control_Mac
AG0699_rowi_065,AG0699_rowi_065,Willowbank,runs,run_6_hutch,65,65,kiwi_poo,kiwi_poo_control,3/12/2020,44168,830,Control - Runs,Runs,Aqua_Snickers,R.FO2021.1 / R.EX2021.1,positive,c2,Control,Control,44,50,47,<50,575,4,1,negative,NA,NA,NA,NA,NA,NA,NA,NA,NA,NA,NA,negative,negative,NA,NA,negative,negative,Control_Aqua_Snickers
AG0699_rowi_066,AG0699_rowi_066,Willowbank,runs,run_1_hutch,66,66,kiwi_poo,kiwi_poo_control,10/12/2020,44175,830,Control - Runs,Runs,Boof_Te_Haumaru,R.DG2021.1 / R.DK2021.1,positive,c3,Control,Control,94,96,95,<100,890,7,1,positive,baycox,NA,NA,NA,NA,NA,NA,NA,NA,NA,NA,negative,negative,NA,NA,negative,negative,Control_Boof_Te_Haumaru
AG0699_rowi_067,AG0699_rowi_067,Willowbank,runs,run_2_hutch,67,67,kiwi_poo,kiwi_poo_control,10/12/2020,44175,830,Control - Runs,Runs,Brownie_Mahuta,R.DZ2021.1 / R.CU2021.1,positive,c4,Control,Control,74,74,74,<80,957.5,8,1,negative,NA,NA,NA,NA,NA,NA,NA,NA,NA,NA,NA,negative,negative,NA,NA,negative,negative,Control_Brownie_Mahuta
AG0699_rowi_068,AG0699_rowi_068,Willowbank,runs,run_3_hutch,68,68,kiwi_poo,kiwi_poo_control,10/12/2020,44175,830,Control - Runs,Runs,Elmo_Wiggles,R.EL2021.1.2 / R.ES2021.1,positive,c5,Control,Control,70,71,70.5,<80,840,6,1,positive,baycox,NA,NA,NA,NA,NA,NA,NA,NA,NA,NA,negative,negative,NA,NA,negative,negative,Control_Elmo_Wiggles
AG0699_rowi_069,AG0699_rowi_069,Willowbank,runs,run_4_hutch,69,69,kiwi_poo,kiwi_poo_control,10/12/2020,44175,830,Control - Runs,Runs,Proudfoot_Alice,R.FA2021.1 / R.EA2021.1,positive,c8,Control,Control,67,61,64,<70,692.5,5,1,positive,baycox,NA,NA,NA,NA,NA,NA,NA,NA,NA,NA,negative,negative,NA,NA,negative,negative,Control_Proudfoot_Alice
AG0699_rowi_071,AG0699_rowi_071,Willowbank,runs,run_6_hutch,71,71,kiwi_poo,kiwi_poo_control,10/12/2020,44175,830,Control - Runs,Runs,Aqua,R.FO2021.1,negative,NA,Control,Control,51,NA,51,<60,550,3,1,negative,NA,8/11/2020,44143,0.5,1/12/2020,44166,0.5,NA,NA,NA,NA,negative,negative,NA,NA,negative,negative,Control_Aqua
AG0699_rowi_072,AG0699_rowi_072,Willowbank,runs,run_1_hutch,72,72,kiwi_poo,kiwi_poo_control,18/12/2020,44183,830,Control - Runs,Runs,Boof_Te_Haumaru,R.DG2021.1 / R.DK2021.1,positive,c3,Control,Control,102,104,103,<110,1000,8,1,positive,baycox,NA,NA,NA,NA,NA,NA,NA,NA,NA,NA,negative,negative,NA,NA,negative,negative,Control_Boof_Te_Haumaru
AG0699_rowi_073,AG0699_rowi_073,Willowbank,runs,run_2_hutch,73,73,kiwi_poo,kiwi_poo_control,18/12/2020,44183,830,Control - Runs,Runs,Brownie_Mahuta,R.DZ2021.1 / R.CU2021.1,positive,c4,Control,Control,82,82,82,<90,1047.5,8,1,negative,NA,NA,NA,NA,NA,NA,NA,NA,NA,NA,NA,negative,negative,NA,NA,negative,negative,Control_Brownie_Mahuta
AG0699_rowi_074,AG0699_rowi_074,Willowbank,runs,run_3_hutch,74,74,kiwi_poo,kiwi_poo_control,18/12/2020,44183,830,Control - Runs,Runs,Elmo_Wiggles,R.EL2021.1.2 / R.ES2021.1,positive,c5,Control,Control,78,79,78.5,<80,900,7,1,positive,baycox,NA,NA,NA,NA,NA,NA,NA,NA,NA,NA,negative,negative,NA,NA,negative,negative,Control_Elmo_Wiggles
AG0699_rowi_075,AG0699_rowi_075,Willowbank,runs,run_4_hutch,75,75,kiwi_poo,kiwi_poo_control,18/12/2020,44183,830,Control - Runs,Runs,Proudfoot_Alice,R.FA2021.1 / R.EA2021.1,positive,c8,Control,Control,75,69,72,<80,800,6,1,positive,baycox,NA,NA,NA,NA,NA,NA,NA,NA,NA,NA,negative,negative,NA,NA,negative,negative,Control_Proudfoot_Alice
AG0699_rowi_076,AG0699_rowi_076,Willowbank,runs,run_5_hutch,76,76,kiwi_poo,kiwi_poo_control,18/12/2020,44183,830,Control - Runs,Runs,Mac_Snickers,R.K22021.1 / R.EX2021.1,positive,c6,Control,Control,69,65,67,<70,775,6,1,positive,baycox,NA,NA,NA,NA,NA,NA,NA,NA,NA,NA,negative,negative,NA,NA,negative,negative,Control_Mac_Snickers
AG0699_rowi_077,AG0699_rowi_077,Willowbank,runs,run_6_hutch,77,77,kiwi_poo,kiwi_poo_control,18/12/2020,44183,830,Control - Runs,Runs,Aqua,R.FO2021.1,negative,NA,Control,Control,59,NA,59,<60,600,4,1,positive,baycox,8/11/2020,44143,0.5,1/12/2020,44166,0.5,NA,NA,NA,NA,negative,negative,NA,NA,negative,negative,Control_Aqua
AG0699_rowi_078,AG0699_rowi_078,Willowbank,wild_chick_pens,holding_pen_6_hutch,78,78,kiwi_poo,kiwi_poo_control,23/12/2020,44188,830,Control - Transitionary,Transitionary,Ahi_Naki,R.FB2021.1 / R.BT2021.1,positive,c1,Control,Control,21,28,24.5,<30,390,2,1,negative,NA,30/12/2020,44195,0.5,23/01/2021,44219,0.5,NA,NA,NA,NA,negative,negative,NA,NA,negative,negative,Control_Ahi_Naki
AG0699_rowi_079,AG0699_rowi_079,Willowbank,transport_box,transport_box,79,79,kiwi_poo,kiwi_poo_control,23/12/2020,44188,830,Control - Transitionary,Transitionary,Naki,R.BT2021.1,negative,NA,Control,Control,28,NA,28,<30,385,2,3,negative,NA,30/12/2020,44195,0.5,23/01/2021,44219,0.5,NA,NA,NA,NA,negative,negative,NA,NA,negative,negative,Control_Naki
AG0699_rowi_081,AG0699_rowi_081,Willowbank,runs,run_3_hutch,81,81,kiwi_poo,kiwi_poo_control,23/12/2020,44188,830,Control - Runs,Runs,Wiggles,R.ES2021.1,negative,NA,Control,Control,84,NA,84,<90,970,8,1,positive,baycox,27/10/2020,44131,0.5,10/11/2020,44145,0.5,NA,NA,NA,NA,negative,negative,NA,NA,negative,negative,Control_Wiggles
AG0699_rowi_082,AG0699_rowi_082,Willowbank,runs,run_4_hutch,82,82,kiwi_poo,kiwi_poo_control,23/12/2020,44188,830,Control - Runs,Runs,Proudfoot_Alice,R.FA2021.1 / R.EA2021.1,positive,c8,Control,Control,80,74,77,<80,820,6,1,positive,baycox,NA,NA,NA,NA,NA,NA,NA,NA,NA,NA,negative,negative,NA,NA,negative,negative,Control_Proudfoot_Alice
AG0699_rowi_083,AG0699_rowi_083,Willowbank,runs,run_5_hutch,83,83,kiwi_poo,kiwi_poo_control,23/12/2020,44188,830,Control - Runs,Runs,Mac_Snickers,R.K22021.1 / R.EX2021.1,positive,c6,Control,Control,74,70,72,<80,835,6,1,positive,baycox,NA,NA,NA,NA,NA,NA,NA,NA,NA,NA,negative,negative,NA,NA,negative,negative,Control_Mac_Snickers
AG0699_rowi_084,AG0699_rowi_084,Willowbank,runs,run_6_hutch,84,84,kiwi_poo,kiwi_poo_control,23/12/2020,44188,830,Control - Runs,Runs,Aqua,R.FO2021.1,negative,NA,Control,Control,64,NA,64,<70,650,5,1,positive,baycox,8/11/2020,44143,0.5,1/12/2020,44166,0.5,NA,NA,NA,NA,negative,negative,NA,NA,negative,negative,Control_Aqua
AG0699_rowi_085,AG0699_rowi_085,Willowbank,wild_chick_pens,holding_pen_1_hutch,85,85,kiwi_poo,kiwi_poo_control,24/12/2020,44189,830,Control - Transitionary,Transitionary,Oku_Jewel,R.DX2021.1 / R.DF2021.1,positive,c7,Control,Control,35,35,35,<40,430,2,1,negative,NA,30/12/2020,44195,0.5,23/01/2021,44219,0.5,NA,NA,NA,NA,negative,negative,NA,NA,negative,negative,Control_Oku_Jewel
AG0699_rowi_086,AG0699_rowi_086,Willowbank,wild_chick_pens,holding_pen_6_hutch,86,86,kiwi_poo,kiwi_poo_control,24/12/2020,44189,830,Control - Transitionary,Transitionary,Ahi_Naki,R.FB2021.1 / R.BT2021.1,positive,c1,Control,Control,22,29,25.5,<30,360,2,1,negative,NA,30/12/2020,44195,0.5,23/01/2021,44219,0.5,NA,NA,NA,NA,negative,negative,NA,NA,negative,negative,Control_Ahi_Naki
AG0699_rowi_087,AG0699_rowi_087,Willowbank,runs,run_1_hutch,87,87,kiwi_poo,kiwi_poo_control,28/12/2020,44193,1630,Control - Runs,Runs,Oku_Jewel,R.DX2021.1 / R.DF2021.1,positive,c7,Control,Control,39,39,39,<40,487.5,3,1,negative,NA,30/12/2020,44195,0.5,23/01/2021,44219,0.5,NA,NA,NA,NA,negative,negative,NA,NA,negative,negative,Control_Oku_Jewel
AG0699_rowi_088,AG0699_rowi_088,Willowbank,runs,run_2_hutch,88,88,kiwi_poo,kiwi_poo_control,28/12/2020,44193,1630,Control - Runs,Runs,Ahi_Naki,R.FB2021.1 / R.BT2021.1,positive,c1,Control,Control,26,33,29.5,<30,430,2,1,negative,NA,30/12/2020,44195,0.5,23/01/2021,44219,0.5,NA,NA,NA,NA,negative,negative,NA,NA,negative,negative,Control_Ahi_Naki
AG0699_rowi_089,AG0699_rowi_089,Willowbank,runs,run_3_hutch,89,89,kiwi_poo,kiwi_poo_control,28/12/2020,44193,1630,Control - Runs,Runs,Wiggles,R.ES2021.1,negative,NA,Control,Control,89,NA,89,<90,995,8,1,positive,baycox,27/10/2020,44131,0.5,10/11/2020,44145,0.5,NA,NA,NA,NA,negative,negative,NA,NA,negative,negative,Control_Wiggles
AG0699_rowi_091,AG0699_rowi_091,Willowbank,runs,run_5_hutch,91,91,kiwi_poo,kiwi_poo_control,28/12/2020,44193,1630,Control - Runs,Runs,Mac_Snickers,R.K22021.1 / R.EX2021.1,positive,c6,Control,Control,79,75,77,<80,890,7,1,positive,baycox,NA,NA,NA,NA,NA,NA,NA,NA,NA,NA,negative,negative,NA,NA,negative,negative,Control_Mac_Snickers
AG0699_rowi_092,AG0699_rowi_092,Willowbank,runs,run_6_hutch,92,92,kiwi_poo,kiwi_poo_control,28/12/2020,44193,1630,Control - Runs,Runs,Aqua,R.FO2021.1,negative,NA,Control,Control,69,NA,69,<70,705,5,1,positive,baycox,8/11/2020,44143,0.5,1/12/2020,44166,0.5,NA,NA,NA,NA,negative,negative,NA,NA,negative,negative,Control_Aqua
AG0699_rowi_093,AG0699_rowi_093,Willowbank,runs,run_1_hutch,93,93,kiwi_poo,kiwi_poo_control,8/01/2021,44204,830,Control - Runs,Runs,Oku_Jewel,R.DX2021.1 / R.DF2021.1,positive,c7,Control,Control,50,50,50,<50,545,3,1,negative,NA,30/12/2020,44195,0.5,23/01/2021,44219,0.5,NA,NA,NA,NA,negative,negative,NA,NA,negative,negative,Control_Oku_Jewel
AG0699_rowi_094,AG0699_rowi_094,Willowbank,runs,run_2_hutch,94,94,kiwi_poo,kiwi_poo_control,8/01/2021,44204,830,Control - Runs,Runs,Ahi_Naki,R.FB2021.1 / R.BT2021.1,positive,c1,Control,Control,37,44,40.5,<50,500,3,1,negative,NA,30/12/2020,44195,0.5,23/01/2021,44219,0.5,NA,NA,NA,NA,negative,negative,NA,NA,negative,negative,Control_Ahi_Naki
AG0699_rowi_096,AG0699_rowi_096,Willowbank,runs,run_4_hutch,96,96,kiwi_poo,kiwi_poo_control,8/01/2021,44204,830,Control - Runs,Runs,Proudfoot_Alice,R.FA2021.1 / R.EA2021.1,positive,c8,Control,Control,96,90,93,<100,915,7,1,positive,baycox,NA,NA,NA,NA,NA,NA,NA,NA,NA,NA,negative,negative,NA,NA,negative,negative,Control_Proudfoot_Alice
AG0699_rowi_097,AG0699_rowi_097,Willowbank,runs,run_5_hutch,97,97,kiwi_poo,kiwi_poo_control,8/01/2021,44204,830,Control - Runs,Runs,Mac_Snickers,R.K22021.1 / R.EX2021.1,positive,c6,Control,Control,90,86,88,<90,960,8,1,positive,baycox,NA,NA,NA,NA,NA,NA,NA,NA,NA,NA,negative,negative,NA,NA,negative,negative,Control_Mac_Snickers
AG0699_rowi_098,AG0699_rowi_098,Willowbank,runs,run_6_hutch,98,98,kiwi_poo,kiwi_poo_control,8/01/2021,44204,830,Control - Runs,Runs,Aqua,R.FO2021.1,negative,NA,Control,Control,80,NA,80,<80,740,5,1,positive,baycox,8/11/2020,44143,0.5,1/12/2020,44166,0.5,NA,NA,NA,NA,negative,negative,NA,NA,negative,negative,Control_Aqua
AG0699_rowi_100,AG0699_rowi_100,Willowbank,runs,run_2_hutch,100,100,kiwi_poo,kiwi_poo_control,14/01/2021,44210,830,Control - Runs,Runs,Ahi_Naki,R.FB2021.1 / R.BT2021.1,positive,c1,Control,Control,43,50,46.5,<50,565,4,1,negative,NA,30/12/2020,44195,0.5,23/01/2021,44219,0.5,NA,NA,NA,NA,negative,negative,NA,NA,negative,negative,Control_Ahi_Naki
AG0699_rowi_102,AG0699_rowi_102,Willowbank,runs,run_4_hutch,102,102,kiwi_poo,kiwi_poo_control,14/01/2021,44210,830,Control - Runs,Runs,Proudfoot_Alice,R.FA2021.1 / R.EA2021.1,positive,c8,Control,Control,102,96,99,<100,960,8,1,positive,baycox,NA,NA,NA,NA,NA,NA,NA,NA,NA,NA,negative,negative,NA,NA,negative,negative,Control_Proudfoot_Alice
AG0699_rowi_103,AG0699_rowi_103,Willowbank,runs,run_5_hutch,103,103,kiwi_poo,kiwi_poo_control,14/01/2021,44210,830,Control - Runs,Runs,Mac_Snickers,R.K22021.1 / R.EX2021.1,positive,c6,Control,Control,96,92,94,<100,1020,8,1,positive,baycox,NA,NA,NA,NA,NA,NA,NA,NA,NA,NA,negative,negative,NA,NA,negative,negative,Control_Mac_Snickers
AG0699_rowi_109,AG0699_rowi_109,Willowbank,wb_hatchery,brooder_box_hutch,109,109,kiwi_poo,kiwi_poo_treatment,14/01/2021,44210,830,Control - Hatchery,Hatchery,Galaxy,R.FP2021.2,negative,NA,Control,Control,10,NA,10,<20,253.9,1,1,negative,NA,12/02/2020,43873,0.5,27/02/2021,44254,0.5,NA,NA,NA,NA,negative,negative,NA,NA,negative,negative,Control_Galaxy
AG0699_rowi_110,AG0699_rowi_110,Willowbank,wb_hatchery,brooder_box_hutch,110,110,kiwi_poo,kiwi_poo_treatment,14/01/2021,44210,830,Control - Hatchery,Hatchery,Jaffa,R.K22021.2,negative,NA,Control,Control,13,NA,13,<20,286.2,1,1,negative,NA,12/02/2020,43873,0.5,27/02/2021,44254,0.5,NA,NA,NA,NA,negative,negative,NA,NA,negative,negative,Control_Jaffa
AG0699_rowi_111,AG0699_rowi_111,Willowbank,wb_hatchery,brooder_box_hutch,111,111,kiwi_poo,kiwi_poo_treatment,14/01/2021,44210,830,Control - Hatchery,Hatchery,TimTam,R.FA2021.2,negative,NA,Control,Control,10,NA,10,<20,250.5,1,1,negative,NA,12/02/2020,43873,0.5,27/02/2021,44254,0.5,NA,NA,NA,NA,negative,negative,NA,NA,negative,negative,Control_TimTam
AG0699_rowi_112,AG0699_rowi_112,Willowbank,transport_box,transport_box,112,112,kiwi_poo,kiwi_poo_treatment,20/01/2021,44216,830,Treatment - Transitionary,Transitionary,Morehu,R.BU2021.1,negative,NA,Treatment,Treatment,36,NA,36,<40,427,2,3,negative,NA,17/01/2021,44213,0.5,12/02/2020,43873,0.5,yolk sac infection,amoxycillin,clavulanate,NA,positive,negative,NA,NA,negative,negative,Treatment_Morehu
AG0699_rowi_113,AG0699_rowi_113,Willowbank,transport_box,transport_box,113,113,kiwi_poo,kiwi_poo_treatment,20/01/2021,44216,830,Treatment - Transitionary,Transitionary,Light,R.DH2021.1,negative,NA,Treatment,Treatment,38,NA,38,<40,418,2,3,negative,NA,17/01/2021,44213,0.5,12/02/2020,43873,0.5,NA,NA,NA,NA,negative,negative,NA,NA,negative,negative,Treatment_Light
AG0699_rowi_114,AG0699_rowi_114,Willowbank,wild_chick_pens,holding_pen_1_hutch,114,114,kiwi_poo,kiwi_poo_treatment,20/01/2021,44216,830,Treatment - Transitionary,Transitionary,Light_Morehu,R.DH2021.1 / R.BU2021.1,positive,t4,Treatment,Treatment,38,36,37,<40,425,2,1,negative,NA,17/01/2021,44213,0.5,12/02/2020,43873,0.5,yolk sac infection,amoxycillin,clavulanate,NA,positive,negative,NA,NA,negative,negative,Treatment_Light_Morehu
AG0699_rowi_115,AG0699_rowi_115,Willowbank,wild_chick_pens,holding_pen_1_hutch,115,115,kiwi_poo,kiwi_poo_treatment,21/01/2021,44217,830,Treatment - Transitionary,Transitionary,Light_Morehu,R.DH2021.1 / R.BU2021.1,positive,t4,Treatment,Treatment,39,37,38,<40,420,2,1,negative,NA,17/01/2021,44213,0.5,12/02/2020,43873,0.5,yolk sac infection,amoxycillin,clavulanate,NA,positive,negative,NA,NA,negative,negative,Treatment_Light_Morehu
AG0699_rowi_116,AG0699_rowi_116,Willowbank,runs,run_1_hutch,116,116,kiwi_poo,kiwi_poo_control,21/01/2021,44217,830,Control - Runs,Runs,Oku_Jewel,R.DX2021.1 / R.DF2021.1,positive,c7,Control,Control,63,63,63,<70,685,5,1,negative,NA,30/12/2020,44195,0.5,23/01/2021,44219,0.5,NA,NA,NA,NA,negative,negative,NA,NA,negative,negative,Control_Oku_Jewel
AG0699_rowi_117,AG0699_rowi_117,Willowbank,runs,run_2_hutch,117,117,kiwi_poo,kiwi_poo_control,21/01/2021,44217,830,Control - Runs,Runs,Ahi_Naki,R.FB2021.1 / R.BT2021.1,positive,c1,Control,Control,50,57,53.5,<60,612.5,4,1,negative,NA,30/12/2020,44195,0.5,23/01/2021,44219,0.5,respiratory problems,NA,NA,NA,negative,negative,voriconazole,NA,positive,positive,Control_Ahi_Naki
AG0699_rowi_118,AG0699_rowi_118,Willowbank,runs,run_3_hutch,118,118,kiwi_poo,kiwi_poo_control,21/01/2021,44217,830,Control - Runs,Runs,Wiggles,R.ES2021.1,negative,NA,Control,Control,113,NA,113,<120,1140,9,1,positive,baycox,27/10/2020,44131,0.5,10/11/2020,44145,0.5,NA,NA,NA,NA,negative,negative,NA,NA,negative,negative,Control_Wiggles
AG0699_rowi_119,AG0699_rowi_119,Willowbank,runs,run_4_hutch,119,119,kiwi_poo,kiwi_poo_control,21/01/2021,44217,830,Control - Runs,Runs,Proudfoot_Alice,R.FA2021.1 / R.EA2021.1,positive,c8,Control,Control,109,103,106,<110,965,8,1,positive,baycox,NA,NA,NA,NA,NA,NA,NA,NA,NA,NA,negative,negative,NA,NA,negative,negative,Control_Proudfoot_Alice
AG0699_rowi_120,AG0699_rowi_120,Willowbank,runs,run_5_hutch,120,120,kiwi_poo,kiwi_poo_control,21/01/2021,44217,830,Control - Runs,Runs,Mac_Snickers,R.K22021.1 / R.EX2021.1,positive,c6,Control,Control,103,99,101,<110,1052.5,9,1,positive,baycox,NA,NA,NA,NA,NA,NA,NA,NA,NA,NA,negative,negative,NA,NA,negative,negative,Control_Mac_Snickers
AG0699_rowi_121,AG0699_rowi_121,Willowbank,runs,run_6_hutch,121,121,kiwi_poo,kiwi_poo_control,21/01/2021,44217,830,Control - Runs,Runs,Aqua,R.FO2021.1,negative,NA,Control,Control,93,NA,93,<100,910,7,1,positive,baycox,8/11/2020,44143,0.5,1/12/2020,44166,0.5,NA,NA,NA,NA,negative,negative,NA,NA,negative,negative,Control_Aqua
AG0699_rowi_122,AG0699_rowi_122,Willowbank,wb_hatchery,brooder_box_hutch,122,122,kiwi_poo,kiwi_poo_treatment,21/01/2021,44217,830,Control - Hatchery,Hatchery,TimTam,R.FA2021.2,negative,NA,Control,Control,17,NA,17,<20,295.7,1,1,negative,NA,12/02/2020,43873,0.5,27/02/2021,44254,0.5,NA,NA,NA,NA,negative,negative,NA,NA,negative,negative,Control_TimTam
AG0699_rowi_123,AG0699_rowi_123,Willowbank,wb_hatchery,brooder_box_hutch,123,123,kiwi_poo,kiwi_poo_treatment,21/01/2021,44217,830,Control - Hatchery,Hatchery,Hokey_Pokey,R.CU2021.2,negative,NA,Control,Control,23,NA,23,<30,368.2,2,1,negative,NA,12/02/2020,43873,0.5,27/02/2021,44254,0.5,NA,NA,NA,NA,negative,negative,NA,NA,negative,negative,Control_Hokey_Pokey
AG0699_rowi_124,AG0699_rowi_124,Willowbank,wb_hatchery,brooder_box_hutch,124,124,kiwi_poo,kiwi_poo_treatment,21/01/2021,44217,830,Control - Hatchery,Hatchery,Galaxy,R.FP2021.2,negative,NA,Control,Control,17,NA,17,<20,247.3,1,1,negative,NA,12/02/2020,43873,0.5,27/02/2021,44254,0.5,weight loss,amoxycillin,clavulanate,NA,positive,positive,NA,NA,negative,negative,Control_Galaxy
AG0699_rowi_125,AG0699_rowi_125,Willowbank,wb_hatchery,brooder_box_hutch,125,125,kiwi_poo,kiwi_poo_treatment,21/01/2021,44217,830,Control - Hatchery,Hatchery,Jaffa,R.K22021.2,negative,NA,Control,Control,20,NA,20,<20,322.2,1,1,negative,NA,12/02/2020,43873,0.5,27/02/2021,44254,0.5,NA,NA,NA,NA,negative,negative,NA,NA,negative,negative,Control_Jaffa
AG0699_rowi_126,AG0699_rowi_126,Willowbank,runs,run_1_hutch,126,126,kiwi_poo,kiwi_poo_control,27/01/2021,44223,830,Control - Runs,Runs,Oku_Jewel,R.DX2021.1 / R.DF2021.1,positive,c7,Control,Control,69,69,69,<70,715,5,1,negative,NA,30/12/2020,44195,0.5,23/01/2021,44219,0.5,NA,NA,NA,NA,negative,negative,NA,NA,negative,negative,Control_Oku_Jewel
AG0699_rowi_127,AG0699_rowi_127,Willowbank,runs,run_2_hutch,127,127,kiwi_poo,kiwi_poo_control,27/01/2021,44223,830,Control - Runs,Runs,Ahi_Naki,R.FB2021.1 / R.BT2021.1,positive,c1,Control,Control,56,63,59.5,<60,625,4,1,negative,NA,30/12/2020,44195,0.5,23/01/2021,44219,0.5,respiratory problems,NA,NA,NA,negative,negative,voriconazole,NA,positive,negative,Control_Ahi_Naki
AG0699_rowi_128,AG0699_rowi_128,Willowbank,runs,run_5_hutch,128,128,kiwi_poo,kiwi_poo_control,27/01/2021,44223,830,Control - Runs,Runs,Snickers,R.EX2021.1,negative,NA,Control,Control,105,NA,105,<110,980,8,1,positive,baycox,8/11/2020,44143,0.5,1/12/2020,44166,0.5,NA,NA,NA,NA,negative,negative,NA,NA,negative,negative,Control_Snickers
AG0699_rowi_129,AG0699_rowi_129,Willowbank,runs,run_7_hutch,129,129,kiwi_poo,kiwi_poo_treatment,27/01/2021,44223,830,Treatment - Runs,Runs,Light_Morehu,R.DH2021.1 / R.BU2021.1,positive,t4,Treatment,Treatment,45,43,44,<50,475,3,1,negative,NA,17/01/2021,44213,0.5,12/02/2020,43873,0.5,yolk sac infection,amoxycillin,clavulanate,NA,positive,negative,NA,NA,negative,negative,Treatment_Light_Morehu
AG0699_rowi_130,AG0699_rowi_130,Willowbank,wb_hatchery,brooder_box_hutch,130,130,kiwi_poo,kiwi_poo_treatment,27/01/2021,44223,830,Control - Hatchery,Hatchery,TimTam,R.FA2021.2,negative,NA,Control,Control,23,NA,23,<30,245,1,1,negative,NA,12/02/2020,43873,0.5,27/02/2021,44254,0.5,NA,NA,NA,NA,negative,negative,NA,NA,negative,negative,Control_TimTam
AG0699_rowi_131,AG0699_rowi_131,Willowbank,wb_hatchery,brooder_box_hutch,131,131,kiwi_poo,kiwi_poo_treatment,27/01/2021,44223,830,Control - Hatchery,Hatchery,Hokey_Pokey,R.CU2021.2,negative,NA,Control,Control,29,NA,29,<30,437.5,2,1,negative,NA,12/02/2020,43873,0.5,27/02/2021,44254,0.5,NA,NA,NA,NA,negative,negative,NA,NA,negative,negative,Control_Hokey_Pokey
AG0699_rowi_132,AG0699_rowi_132,Willowbank,wb_hatchery,brooder_box_hutch,132,132,kiwi_poo,kiwi_poo_treatment,27/01/2021,44223,830,Control - Hatchery,Hatchery,Galaxy,R.FP2021.2,negative,NA,Control,Control,23,NA,23,<30,307.8,1,1,negative,NA,12/02/2020,43873,0.5,27/02/2021,44254,0.5,weight loss,amoxycillin,clavulanate,NA,positive,negative,NA,NA,negative,negative,Control_Galaxy
AG0699_rowi_133,AG0699_rowi_133,Willowbank,wb_hatchery,brooder_box_hutch,133,133,kiwi_poo,kiwi_poo_treatment,27/01/2021,44223,830,Control - Hatchery,Hatchery,Jaffa,R.K22021.2,negative,NA,Control,Control,26,NA,26,<30,377.5,2,1,negative,NA,12/02/2020,43873,0.5,27/02/2021,44254,0.5,NA,NA,NA,NA,negative,negative,NA,NA,negative,negative,Control_Jaffa
AG0699_rowi_134,AG0699_rowi_134,Willowbank,transport_box,transport_box,134,134,kiwi_poo,kiwi_poo_treatment,29/01/2021,44225,1400,Treatment - Transitionary,Transitionary,Bobby,R.DG2021.2,negative,NA,Treatment,Treatment,39,NA,39,<40,297,1,3,negative,NA,12/02/2020,43873,0.5,27/02/2021,44254,0.5,NA,NA,NA,NA,negative,negative,NA,NA,negative,negative,Treatment_Bobby
AG0699_rowi_135,AG0699_rowi_135,Willowbank,transport_box,transport_box,135,135,kiwi_poo,kiwi_poo_control,29/01/2021,44225,1400,Control - Runs,Runs,Proudfoot,R.FA2021.1,negative,NA,Control,Control,117,NA,117,<120,920,7,1,positive,baycox,27/10/2020,44131,0.5,10/11/2020,44145,0.5,NA,NA,NA,NA,negative,negative,NA,NA,negative,negative,Control_Proudfoot
AG0699_rowi_136,AG0699_rowi_136,Willowbank,transport_box,transport_box,136,136,kiwi_poo,kiwi_poo_treatment,29/01/2021,44225,1400,Treatment - Runs,Runs,PigPen,R.DR2021.1,negative,NA,Treatment,Treatment,74,NA,74,<80,685,5,3,negative,NA,12/02/2020,43873,0.5,27/02/2021,44254,0.5,respiratory problems,amoxycillin,clavulanate,NA,positive,negative,voriconazole,fluconazole,positive,negative,Treatment_PigPen
AG0699_rowi_138,AG0699_rowi_138,Willowbank,wild_chick_pens,holding_pen_2_hutch,138,138,kiwi_poo,kiwi_poo_treatment,1/02/2021,44228,830,Treatment - Transitionary,Transitionary,Bobby,R.DG2021.2,negative,NA,Treatment,Treatment,42,NA,42,<50,395,2,1,negative,NA,12/02/2020,43873,0.5,27/02/2021,44254,0.5,NA,NA,NA,NA,negative,negative,NA,NA,negative,negative,Treatment_Bobby
AG0699_rowi_139,AG0699_rowi_139,Willowbank,runs,run_1_hutch,139,139,kiwi_poo,kiwi_poo_control,3/02/2021,44230,830,Control - Runs,Runs,Oku_Jewel,R.DX2021.1 / R.DF2021.1,positive,c7,Control,Control,76,76,76,<80,772.5,6,1,negative,NA,30/12/2020,44195,0.5,23/01/2021,44219,0.5,NA,NA,NA,NA,negative,negative,NA,NA,negative,negative,Control_Oku_Jewel
AG0699_rowi_140,AG0699_rowi_140,Willowbank,runs,run_2_hutch,140,140,kiwi_poo,kiwi_poo_control,3/02/2021,44230,830,Control - Runs,Runs,Ahi_Naki,R.FB2021.1 / R.BT2021.1,positive,c1,Control,Control,63,70,66.5,<70,665,5,1,negative,NA,30/12/2020,44195,0.5,23/01/2021,44219,0.5,respiratory problems,NA,NA,NA,negative,negative,voriconazole,NA,positive,negative,Control_Ahi_Naki
AG0699_rowi_141,AG0699_rowi_141,Willowbank,runs,run_5_hutch,141,141,kiwi_poo,kiwi_poo_control,3/02/2021,44230,830,Control - Runs,Runs,Snickers_Proudfoot,R.EX2021.1 / R.FA2021.1,positive,c9,Control,Control,112,122,117,<120,1027.5,8,1,positive,baycox,NA,NA,NA,NA,NA,NA,NA,NA,NA,NA,negative,negative,NA,NA,negative,negative,Control_Snickers_Proudfoot
AG0699_rowi_142,AG0699_rowi_142,Willowbank,runs,run_6_hutch,142,142,kiwi_poo,kiwi_poo_treatment,3/02/2021,44230,830,Treatment - Runs,Runs,PigPen,R.DR2021.1,negative,NA,Treatment,Treatment,79,NA,79,<80,730,5,1,negative,NA,12/02/2020,43873,0.5,27/02/2021,44254,0.5,respiratory problems,amoxycillin,clavulanate,NA,positive,negative,voriconazole,fluconazole,positive,negative,Treatment_PigPen
AG0699_rowi_143,AG0699_rowi_143,Willowbank,runs,run_7_hutch,143,143,kiwi_poo,kiwi_poo_treatment,3/02/2021,44230,830,Treatment - Runs,Runs,Light_Morehu,R.DH2021.1 / R.BU2021.1,positive,t4,Treatment,Treatment,52,50,51,<60,540,3,1,negative,NA,17/01/2021,44213,0.5,12/02/2020,43873,0.5,yolk sac infection,amoxycillin,clavulanate,NA,positive,negative,NA,NA,negative,negative,Treatment_Light_Morehu
AG0699_rowi_144,AG0699_rowi_144,Willowbank,wb_hatchery,brooder_box_hutch,144,144,kiwi_poo,kiwi_poo_treatment,3/02/2021,44230,830,Control - Hatchery,Hatchery,TimTam,R.FA2021.2,negative,NA,Control,Control,30,NA,30,<40,432.5,2,1,negative,NA,12/02/2020,43873,0.5,27/02/2021,44254,0.5,NA,NA,NA,NA,negative,negative,NA,NA,negative,negative,Control_TimTam
AG0699_rowi_145,AG0699_rowi_145,Willowbank,wb_hatchery,brooder_box_hutch,145,145,kiwi_poo,kiwi_poo_treatment,3/02/2021,44230,830,Control - Hatchery,Hatchery,Galaxy,R.FP2021.2,negative,NA,Control,Control,30,NA,30,<40,375.8,2,1,negative,NA,12/02/2020,43873,0.5,27/02/2021,44254,0.5,weight loss,amoxycillin,clavulanate,NA,positive,negative,NA,NA,negative,negative,Control_Galaxy
AG0699_rowi_146,AG0699_rowi_146,Willowbank,wild_chick_pens,holding_pen_1_hutch,146,146,kiwi_poo,kiwi_poo_treatment,3/02/2021,44230,830,Treatment - Transitionary,Transitionary,Hokey_Pokey,R.CU2021.2,negative,NA,Treatment,Treatment,36,NA,36,<40,492,3,1,negative,NA,12/02/2020,43873,0.5,27/02/2021,44254,0.5,NA,NA,NA,NA,negative,negative,NA,NA,negative,negative,Treatment_Hokey_Pokey
AG0699_rowi_147,AG0699_rowi_147,Willowbank,wild_chick_pens,holding_pen_2_hutch,147,147,kiwi_poo,kiwi_poo_treatment,3/02/2021,44230,830,Treatment - Transitionary,Transitionary,Jaffa,R.K22021.2,negative,NA,Treatment,Treatment,33,NA,33,<40,435,2,1,negative,NA,12/02/2020,43873,0.5,27/02/2021,44254,0.5,NA,NA,NA,NA,negative,negative,NA,NA,negative,negative,Treatment_Jaffa
AG0699_rowi_148,AG0699_rowi_148,Willowbank,runs,run_3_hutch,148,148,kiwi_poo,kiwi_poo_treatment,3/02/2021,44230,830,Treatment - Runs,Runs,Bobby,R.DG2021.2,negative,NA,Treatment,Treatment,44,NA,44,<50,415,2,1,negative,NA,12/02/2020,43873,0.5,27/02/2021,44254,0.5,NA,NA,NA,NA,negative,negative,NA,NA,negative,negative,Treatment_Bobby
AG0699_rowi_149,AG0699_rowi_149,Willowbank,wild_chick_pens,holding_pen_1_hutch,149,149,kiwi_poo,kiwi_poo_treatment,4/02/2021,44231,830,Treatment - Transitionary,Transitionary,Hokey_Pokey,R.CU2021.2,negative,NA,Treatment,Treatment,37,NA,37,<40,510,3,1,negative,NA,12/02/2020,43873,0.5,27/02/2021,44254,0.5,NA,NA,NA,NA,negative,negative,NA,NA,negative,negative,Treatment_Hokey_Pokey
AG0699_rowi_150,AG0699_rowi_150,Willowbank,wild_chick_pens,holding_pen_2_hutch,150,150,kiwi_poo,kiwi_poo_treatment,4/02/2021,44231,830,Treatment - Transitionary,Transitionary,Jaffa,R.K22021.2,negative,NA,Treatment,Treatment,34,NA,34,<40,445,2,1,negative,NA,12/02/2020,43873,0.5,27/02/2021,44254,0.5,NA,NA,NA,NA,negative,negative,NA,NA,negative,negative,Treatment_Jaffa
AG0699_rowi_151,AG0699_rowi_151,Willowbank,wild_chick_pens,holding_pen_1_hutch,151,151,kiwi_poo,kiwi_poo_treatment,25/01/2021,44221,1400,Treatment - Transitionary,Transitionary,Light_Morehu,R.DH2021.1 / R.BU2021.1,positive,t4,Treatment,Treatment,43,41,42,<50,445,2,1,negative,NA,17/01/2021,44213,0.5,12/02/2020,43873,0.5,yolk sac infection,amoxycillin,clavulanate,NA,positive,negative,NA,NA,negative,negative,Treatment_Light_Morehu
AG0699_rowi_152,AG0699_rowi_152,Willowbank,wild_chick_pens,holding_pen_1_hutch,152,152,kiwi_poo,kiwi_poo_treatment,25/01/2021,44221,1400,Treatment - Transitionary,Transitionary,Light_Morehu,R.DH2021.1 / R.BU2021.1,positive,t4,Treatment,Treatment,43,41,42,<50,445,2,1,negative,NA,17/01/2021,44213,0.5,12/02/2020,43873,0.5,yolk sac infection,amoxycillin,clavulanate,NA,positive,negative,NA,NA,negative,negative,Treatment_Light_Morehu
AG0699_rowi_153,AG0699_rowi_153,Willowbank,wild_chick_pens,holding_pen_1_hutch,153,153,kiwi_poo,kiwi_poo_treatment,5/02/2021,44232,830,Treatment - Transitionary,Transitionary,Hokey_Pokey,R.CU2021.2,negative,NA,Treatment,Treatment,38,NA,38,<40,530,3,1,negative,NA,12/02/2020,43873,0.5,27/02/2021,44254,0.5,NA,NA,NA,NA,negative,negative,NA,NA,negative,negative,Treatment_Hokey_Pokey
AG0699_rowi_154,AG0699_rowi_154,Willowbank,wild_chick_pens,holding_pen_2_hutch,154,154,kiwi_poo,kiwi_poo_treatment,5/02/2021,44232,830,Treatment - Transitionary,Transitionary,Jaffa,R.K22021.2,negative,NA,Treatment,Treatment,35,NA,35,<40,470,3,1,negative,NA,12/02/2020,43873,0.5,27/02/2021,44254,0.5,NA,NA,NA,NA,negative,negative,NA,NA,negative,negative,Treatment_Jaffa
AG0699_rowi_155,AG0699_rowi_155,Willowbank,wild_chick_pens,holding_pen_2_hutch,155,155,kiwi_poo,kiwi_poo_treatment,6/02/2021,44233,830,Treatment - Transitionary,Transitionary,Galaxy,R.FP2021.2,negative,NA,Treatment,Treatment,33,NA,33,<40,380,2,1,negative,NA,12/02/2020,43873,0.5,27/02/2021,44254,0.5,weight loss,amoxycillin,clavulanate,NA,positive,negative,NA,NA,negative,negative,Treatment_Galaxy
AG0699_rowi_156,AG0699_rowi_156,Willowbank,wild_chick_pens,holding_pen_1_hutch,156,156,kiwi_poo,kiwi_poo_treatment,6/02/2021,44233,830,Treatment - Transitionary,Transitionary,TimTam,R.FA2021.2,negative,NA,Treatment,Treatment,33,NA,33,<40,420,2,1,negative,NA,12/02/2020,43873,0.5,27/02/2021,44254,0.5,NA,NA,NA,NA,negative,negative,NA,NA,negative,negative,Treatment_TimTam
AG0699_rowi_157,AG0699_rowi_157,Willowbank,transport_box,transport_box,157,157,kiwi_poo,kiwi_poo_treatment,6/02/2021,44233,830,Treatment - Transitionary,Transitionary,Kyla,R.BQ2021.2,negative,NA,Treatment,Treatment,31,NA,31,<40,330,1,3,negative,NA,12/02/2020,43873,0.5,27/02/2021,44254,0.5,NA,NA,NA,NA,negative,negative,NA,NA,negative,negative,Treatment_Kyla
AG0699_rowi_158,AG0699_rowi_158,Willowbank,wild_chick_pens,holding_pen_2_hutch,158,158,kiwi_poo,kiwi_poo_treatment,7/02/2021,44234,830,Treatment - Transitionary,Transitionary,Galaxy,R.FP2021.2,negative,NA,Treatment,Treatment,34,NA,34,<40,380,2,1,negative,NA,12/02/2020,43873,0.5,27/02/2021,44254,0.5,weight loss,amoxycillin,clavulanate,NA,positive,negative,NA,NA,negative,negative,Treatment_Galaxy
AG0699_rowi_159,AG0699_rowi_159,Willowbank,wild_chick_pens,holding_pen_1_hutch,159,159,kiwi_poo,kiwi_poo_treatment,7/02/2021,44234,830,Treatment - Transitionary,Transitionary,TimTam,R.FA2021.2,negative,NA,Treatment,Treatment,34,NA,34,<40,410,2,1,negative,NA,12/02/2020,43873,0.5,27/02/2021,44254,0.5,NA,NA,NA,NA,negative,negative,NA,NA,negative,negative,Treatment_TimTam
AG0699_rowi_160,AG0699_rowi_160,Willowbank,wild_chick_pens,holding_pen_5_hutch,160,160,kiwi_poo,kiwi_poo_treatment,7/02/2021,44234,830,Treatment - Transitionary,Transitionary,Kyla,R.BQ2021.2,negative,NA,Treatment,Treatment,32,NA,32,<40,340,1,1,negative,NA,12/02/2020,43873,0.5,27/02/2021,44254,0.5,NA,NA,NA,NA,negative,negative,NA,NA,negative,negative,Treatment_Kyla
AG0699_rowi_161,AG0699_rowi_161,Willowbank,wild_chick_pens,holding_pen_2_hutch,161,161,kiwi_poo,kiwi_poo_treatment,8/02/2021,44235,830,Treatment - Transitionary,Transitionary,Galaxy,R.FP2021.2,negative,NA,Treatment,Treatment,35,NA,35,<40,380,2,1,negative,NA,12/02/2020,43873,0.5,27/02/2021,44254,0.5,weight loss,amoxycillin,clavulanate,NA,positive,negative,NA,NA,negative,negative,Treatment_Galaxy
AG0699_rowi_162,AG0699_rowi_162,Willowbank,wild_chick_pens,holding_pen_1_hutch,162,162,kiwi_poo,kiwi_poo_treatment,8/02/2021,44235,830,Treatment - Transitionary,Transitionary,TimTam,R.FA2021.2,negative,NA,Treatment,Treatment,35,NA,35,<40,400,2,1,negative,NA,12/02/2020,43873,0.5,27/02/2021,44254,0.5,NA,NA,NA,NA,negative,negative,NA,NA,negative,negative,Treatment_TimTam
AG0699_rowi_163,AG0699_rowi_163,Willowbank,wild_chick_pens,holding_pen_5_hutch,163,163,kiwi_poo,kiwi_poo_treatment,8/02/2021,44235,830,Treatment - Transitionary,Transitionary,Kyla,R.BQ2021.2,negative,NA,Treatment,Treatment,33,NA,33,<40,360,2,1,negative,NA,12/02/2020,43873,0.5,27/02/2021,44254,0.5,NA,NA,NA,NA,negative,negative,NA,NA,negative,negative,Treatment_Kyla
AG0699_rowi_164,AG0699_rowi_164,Willowbank,wild_chick_pens,holding_pen_5_hutch,164,164,kiwi_poo,kiwi_poo_treatment,9/02/2021,44236,830,Treatment - Transitionary,Transitionary,Kyla,R.BQ2021.2,negative,NA,Treatment,Treatment,34,NA,34,<40,375,2,1,negative,NA,12/02/2020,43873,0.5,27/02/2021,44254,0.5,NA,NA,NA,NA,negative,negative,NA,NA,negative,negative,Treatment_Kyla
AG0699_rowi_165,AG0699_rowi_165,Willowbank,transport_box,transport_box,165,165,kiwi_poo,kiwi_poo_treatment,9/02/2021,44236,830,Treatment - Transitionary,Transitionary,Elo,R.BZ2021.1,negative,NA,Treatment,Treatment,40,NA,40,<40,550,3,3,negative,NA,7/02/2021,44234,0.5,27/02/2021,44254,0.5,NA,NA,NA,NA,negative,negative,NA,NA,negative,negative,Treatment_Elo
AG0699_rowi_166,AG0699_rowi_166,Willowbank,wild_chick_pens,holding_pen_1_hutch,166,166,kiwi_poo,kiwi_poo_treatment,10/02/2021,44237,830,Treatment - Transitionary,Transitionary,Elo,R.BZ2021.1,negative,NA,Treatment,Treatment,41,NA,41,<50,587,4,1,negative,NA,7/02/2021,44234,0.5,27/02/2021,44254,0.5,NA,NA,NA,NA,negative,negative,NA,NA,negative,negative,Treatment_Elo
AG0699_rowi_167,AG0699_rowi_167,Willowbank,wild_chick_pens,holding_pen_1_hutch,167,167,kiwi_poo,kiwi_poo_treatment,11/02/2021,44238,830,Treatment - Transitionary,Transitionary,Elo,R.BZ2021.1,negative,NA,Treatment,Treatment,42,NA,42,<50,595,4,1,negative,NA,7/02/2021,44234,0.5,27/02/2021,44254,0.5,NA,NA,NA,NA,negative,negative,NA,NA,negative,negative,Treatment_Elo
AG0699_rowi_168,AG0699_rowi_168,Willowbank,runs,run_1_hutch,168,168,kiwi_poo,kiwi_poo_control,11/02/2021,44238,830,Control - Runs,Runs,Oku_Jewel,R.DX2021.1 / R.DF2021.1,positive,c7,Control,Control,84,84,84,<90,832.5,6,1,positive,baycox,30/12/2020,44195,0.5,23/01/2021,44219,0.5,NA,NA,NA,NA,negative,negative,NA,NA,negative,negative,Control_Oku_Jewel
AG0699_rowi_169,AG0699_rowi_169,Willowbank,runs,run_2_hutch,169,169,kiwi_poo,kiwi_poo_control,11/02/2021,44238,830,Control - Runs,Runs,Ahi_Naki,R.FB2021.1 / R.BT2021.1,positive,c1,Control,Control,71,78,74.5,<80,770,6,1,negative,NA,30/12/2020,44195,0.5,23/01/2021,44219,0.5,respiratory problems,NA,NA,NA,negative,negative,voriconazole,NA,positive,negative,Control_Ahi_Naki
AG0699_rowi_170,AG0699_rowi_170,Willowbank,runs,run_3_hutch,170,170,kiwi_poo,kiwi_poo_treatment,11/02/2021,44238,830,Treatment - Runs,Runs,Bobby_Kyla,R.DG2021.2 / R.BQ2021.2,positive,t1,Treatment,Treatment,52,36,44,<50,440,2,1,negative,NA,12/02/2020,43873,0.5,27/02/2021,44254,0.5,NA,NA,NA,NA,negative,negative,NA,NA,negative,negative,Treatment_Bobby_Kyla
AG0699_rowi_171,AG0699_rowi_171,Willowbank,runs,run_4_hutch,171,171,kiwi_poo,kiwi_poo_treatment,11/02/2021,44238,830,Treatment - Runs,Runs,Hokey_Pokey_Jaffa,R.CU2021.2 / R.K22021.2,positive,t2,Treatment,Treatment,44,41,42.5,<50,560,4,1,negative,NA,12/02/2020,43873,0.5,27/02/2021,44254,0.5,NA,NA,NA,NA,negative,negative,NA,NA,negative,negative,Treatment_Hokey_Pokey_Jaffa
AG0699_rowi_172,AG0699_rowi_172,Willowbank,runs,run_5_hutch,172,172,kiwi_poo,kiwi_poo_control,11/02/2021,44238,830,Control - Runs,Runs,Snickers_Proudfoot,R.EX2021.1 / R.FA2021.1,positive,c9,Control,Control,120,130,125,<130,1072.5,9,1,positive,baycox,NA,NA,NA,NA,NA,NA,NA,NA,NA,NA,negative,negative,NA,NA,negative,negative,Control_Snickers_Proudfoot
AG0699_rowi_173,AG0699_rowi_173,Willowbank,runs,run_6_hutch,173,173,kiwi_poo,kiwi_poo_treatment,11/02/2021,44238,830,Treatment - Runs,Runs,PigPen,R.DR2021.1,negative,NA,Treatment,Treatment,87,NA,87,<90,755,6,1,negative,NA,12/02/2020,43873,0.5,27/02/2021,44254,0.5,respiratory problems,amoxycillin,clavulanate,NA,positive,negative,voriconazole,fluconazole,positive,negative,Treatment_PigPen
AG0699_rowi_174,AG0699_rowi_174,Willowbank,runs,run_7_hutch,174,174,kiwi_poo,kiwi_poo_treatment,11/02/2021,44238,830,Treatment - Runs,Runs,Light_Morehu,R.DH2021.1 / R.BU2021.1,positive,t4,Treatment,Treatment,60,58,59,<60,595,4,1,negative,NA,17/01/2021,44213,0.5,12/02/2020,43873,0.5,yolk sac infection,amoxycillin,clavulanate,NA,positive,negative,NA,NA,negative,negative,Treatment_Light_Morehu
AG0699_rowi_175,AG0699_rowi_175,Willowbank,runs,run_8_hutch,175,175,kiwi_poo,kiwi_poo_treatment,11/02/2021,44238,830,Treatment - Runs,Runs,TimTam_Galaxy,R.FA2021.2 / R.FP2021.2,positive,t5,Treatment,Treatment,39,39,39,<40,410,2,1,negative,NA,12/02/2020,43873,0.5,27/02/2021,44254,0.5,weight loss,amoxycillin,clavulanate,NA,positive,negative,NA,NA,negative,negative,Treatment_TimTam_Galaxy
AG0699_rowi_177,AG0699_rowi_177,Willowbank,runs,run_1_hutch,177,177,kiwi_poo,kiwi_poo_control,17/02/2021,44244,830,Control - Runs,Runs,Oku_Jewel,R.DX2021.1 / R.DF2021.1,positive,c7,Control,Control,90,90,90,<90,860,7,1,positive,baycox,30/12/2020,44195,0.5,23/01/2021,44219,0.5,NA,NA,NA,NA,negative,negative,NA,NA,negative,negative,Control_Oku_Jewel
AG0699_rowi_178,AG0699_rowi_178,Willowbank,runs,run_2_hutch,178,178,kiwi_poo,kiwi_poo_control,17/02/2021,44244,830,Control - Runs,Runs,Ahi_Naki,R.FB2021.1 / R.BT2021.1,positive,c1,Control,Control,77,84,80.5,<90,800,6,1,negative,NA,30/12/2020,44195,0.5,23/01/2021,44219,0.5,respiratory problems,NA,NA,NA,negative,negative,voriconazole,NA,positive,negative,Control_Ahi_Naki
AG0699_rowi_179,AG0699_rowi_179,Willowbank,runs,run_3_hutch,179,179,kiwi_poo,kiwi_poo_treatment,17/02/2021,44244,830,Treatment - Runs,Runs,Bobby_Kyla,R.DG2021.2 / R.BQ2021.2,positive,t1,Treatment,Treatment,58,42,50,<50,497.5,3,1,negative,NA,12/02/2020,43873,0.5,27/02/2021,44254,0.5,NA,NA,NA,NA,negative,negative,NA,NA,negative,negative,Treatment_Bobby_Kyla
AG0699_rowi_180,AG0699_rowi_180,Willowbank,runs,run_4_hutch,180,180,kiwi_poo,kiwi_poo_treatment,17/02/2021,44244,830,Treatment - Runs,Runs,Hokey_Pokey_Jaffa,R.CU2021.2 / R.K22021.2,positive,t2,Treatment,Treatment,50,47,48.5,<50,600,4,1,negative,NA,12/02/2020,43873,0.5,27/02/2021,44254,0.5,NA,NA,NA,NA,negative,negative,NA,NA,negative,negative,Treatment_Hokey_Pokey_Jaffa
AG0699_rowi_181,AG0699_rowi_181,Willowbank,runs,run_5_hutch,181,181,kiwi_poo,kiwi_poo_control,17/02/2021,44244,830,Control - Runs,Runs,Snickers_Proudfoot,R.EX2021.1 / R.FA2021.1,positive,c9,Control,Control,126,136,131,<140,1095,9,1,positive,baycox,NA,NA,NA,NA,NA,NA,NA,NA,NA,NA,negative,negative,NA,NA,negative,negative,Control_Snickers_Proudfoot
AG0699_rowi_182,AG0699_rowi_182,Willowbank,runs,run_6_hutch,182,182,kiwi_poo,kiwi_poo_treatment,17/02/2021,44244,830,Treatment - Runs,Runs,PigPen,R.DR2021.1,negative,NA,Treatment,Treatment,93,NA,93,<100,780,6,1,negative,NA,12/02/2020,43873,0.5,27/02/2021,44254,0.5,respiratory problems,amoxycillin,clavulanate,NA,positive,negative,voriconazole,fluconazole,positive,negative,Treatment_PigPen
AG0699_rowi_183,AG0699_rowi_183,Willowbank,runs,run_7_hutch,183,183,kiwi_poo,kiwi_poo_treatment,17/02/2021,44244,830,Treatment - Runs,Runs,Light_Morehu,R.DH2021.1 / R.BU2021.1,positive,t4,Treatment,Treatment,66,64,65,<70,655,5,1,negative,NA,17/01/2021,44213,0.5,12/02/2020,43873,0.5,yolk sac infection,amoxycillin,clavulanate,NA,positive,negative,NA,NA,negative,negative,Treatment_Light_Morehu
AG0699_rowi_184,AG0699_rowi_184,Willowbank,runs,run_8_hutch,184,184,kiwi_poo,kiwi_poo_treatment,17/02/2021,44244,830,Treatment - Runs,Runs,TimTam_Galaxy,R.FA2021.2 / R.FP2021.2,positive,t5,Treatment,Treatment,45,45,45,<50,425,2,1,negative,NA,12/02/2020,43873,0.5,27/02/2021,44254,0.5,weight loss,amoxycillin,clavulanate,NA,positive,negative,NA,NA,negative,negative,Treatment_TimTam_Galaxy
AG0699_rowi_185,AG0699_rowi_185,Willowbank,transport_box,transport_box,185,185,kiwi_poo,kiwi_poo_treatment,18/02/2021,44245,830,Treatment - Transitionary,Transitionary,Hukawai_Mere,R.FK2021.1,negative,NA,Treatment,Treatment,33,NA,33,<40,476,3,3,negative,NA,14/02/2021,44241,0.5,3/03/2021,44258,0.5,NA,NA,NA,NA,negative,negative,NA,NA,negative,negative,Treatment_Hukawai_Mere
AG0699_rowi_186,AG0699_rowi_186,Willowbank,wild_chick_pens,holding_pen_1_hutch,186,186,kiwi_poo,kiwi_poo_treatment,18/02/2021,44245,830,Treatment - Transitionary,Transitionary,Hukawai_Mere,R.FK2021.1,negative,NA,Treatment,Treatment,33,NA,33,<40,476,3,1,negative,NA,14/02/2021,44241,0.5,3/03/2021,44258,0.5,NA,NA,NA,NA,negative,negative,NA,NA,negative,negative,Treatment_Hukawai_Mere
AG0699_rowi_187,AG0699_rowi_187,Willowbank,runs,run_9_hutch,187,187,kiwi_poo,kiwi_poo_treatment,18/02/2021,44245,830,Treatment - Runs,Runs,Elo,R.BZ2021.1,negative,NA,Treatment,Treatment,49,NA,49,<50,650,5,1,negative,NA,7/02/2021,44234,0.5,27/02/2021,44254,0.5,NA,NA,NA,NA,negative,negative,NA,NA,negative,negative,Treatment_Elo
AG0699_rowi_188,AG0699_rowi_188,Willowbank,wild_chick_pens,holding_pen_1_hutch,188,188,kiwi_poo,kiwi_poo_treatment,19/02/2021,44246,830,Treatment - Transitionary,Transitionary,Hukawai_Mere,R.FK2021.1,negative,NA,Treatment,Treatment,34,NA,34,<40,485,3,1,negative,NA,14/02/2021,44241,0.5,3/03/2021,44258,0.5,NA,NA,NA,NA,negative,negative,NA,NA,negative,negative,Treatment_Hukawai_Mere
AG0699_rowi_189,AG0699_rowi_189,Willowbank,runs,run_1_hutch,189,189,kiwi_poo,kiwi_poo_control,24/02/2021,44251,830,Control - Runs,Runs,Oku_Jewel,R.DX2021.1 / R.DF2021.1,positive,c7,Control,Control,97,97,97,<100,897.5,7,1,positive,baycox,30/12/2020,44195,0.5,23/01/2021,44219,0.5,NA,NA,NA,NA,negative,negative,NA,NA,negative,negative,Control_Oku_Jewel
AG0699_rowi_190,AG0699_rowi_190,Willowbank,runs,run_2_hutch,190,190,kiwi_poo,kiwi_poo_control,24/02/2021,44251,830,Control - Runs,Runs,Ahi_Naki,R.FB2021.1 / R.BT2021.1,positive,c1,Control,Control,84,91,87.5,<90,865,7,1,negative,NA,30/12/2020,44195,0.5,23/01/2021,44219,0.5,respiratory problems,NA,NA,NA,negative,negative,voriconazole,NA,positive,negative,Control_Ahi_Naki
AG0699_rowi_191,AG0699_rowi_191,Willowbank,runs,run_3_hutch,191,191,kiwi_poo,kiwi_poo_treatment,24/02/2021,44251,830,Treatment - Runs,Runs,Bobby_Kyla,R.DG2021.2 / R.BQ2021.2,positive,t1,Treatment,Treatment,65,49,57,<60,520,3,1,negative,NA,12/02/2020,43873,0.5,27/02/2021,44254,0.5,NA,NA,NA,NA,negative,negative,NA,NA,negative,negative,Treatment_Bobby_Kyla
AG0699_rowi_192,AG0699_rowi_192,Willowbank,runs,run_4_hutch,192,192,kiwi_poo,kiwi_poo_treatment,24/02/2021,44251,830,Treatment - Runs,Runs,Hokey_Pokey_Jaffa,R.CU2021.2 / R.K22021.2,positive,t2,Treatment,Treatment,57,54,55.5,<60,677.5,5,1,negative,NA,12/02/2020,43873,0.5,27/02/2021,44254,0.5,NA,NA,NA,NA,negative,negative,NA,NA,negative,negative,Treatment_Hokey_Pokey_Jaffa
AG0699_rowi_193,AG0699_rowi_193,Willowbank,runs,run_5_hutch,193,193,kiwi_poo,kiwi_poo_control,24/02/2021,44251,830,Control - Runs,Runs,Snickers_Proudfoot,R.EX2021.1 / R.FA2021.1,positive,c9,Control,Control,133,143,138,<140,1137.5,9,1,positive,baycox,NA,NA,NA,NA,NA,NA,thrush,NA,NA,NA,negative,negative,NA,fluconazole,positive,positive,Control_Snickers_Proudfoot
AG0699_rowi_194,AG0699_rowi_194,Willowbank,runs,run_6_hutch,194,194,kiwi_poo,kiwi_poo_treatment,24/02/2021,44251,830,Treatment - Runs,Runs,PigPen,R.DR2021.1,negative,NA,Treatment,Treatment,100,NA,100,<100,840,6,1,negative,NA,12/02/2020,43873,0.5,27/02/2021,44254,0.5,respiratory problems,amoxycillin,clavulanate,NA,positive,negative,voriconazole,fluconazole,positive,negative,Treatment_PigPen
AG0699_rowi_195,AG0699_rowi_195,Willowbank,runs,run_7_hutch,195,195,kiwi_poo,kiwi_poo_treatment,24/02/2021,44251,830,Treatment - Runs,Runs,Light_Morehu,R.DH2021.1 / R.BU2021.1,positive,t4,Treatment,Treatment,73,71,72,<80,695,5,1,negative,NA,17/01/2021,44213,0.5,12/02/2020,43873,0.5,yolk sac infection,amoxycillin,clavulanate,NA,positive,negative,NA,NA,negative,negative,Treatment_Light_Morehu
AG0699_rowi_196,AG0699_rowi_196,Willowbank,runs,run_8_hutch,196,196,kiwi_poo,kiwi_poo_treatment,24/02/2021,44251,830,Treatment - Runs,Runs,TimTam_Galaxy,R.FA2021.2 / R.FP2021.2,positive,t5,Treatment,Treatment,51,51,51,<60,542.5,3,1,negative,NA,12/02/2020,43873,0.5,27/02/2021,44254,0.5,weight loss,amoxycillin,clavulanate,NA,positive,negative,NA,NA,negative,negative,Treatment_TimTam_Galaxy
AG0699_rowi_197,AG0699_rowi_197,Willowbank,runs,run_9_hutch,197,197,kiwi_poo,kiwi_poo_treatment,24/02/2021,44251,830,Treatment - Runs,Runs,Hukawai_Mere_Elo,R.FK2021.1 / R.BZ2021.1.1,positive,t3,Treatment,Treatment,39,55,47,<50,607.5,4,1,negative,NA,NA,NA,NA,NA,NA,NA,NA,NA,NA,NA,negative,negative,NA,NA,negative,negative,Treatment_Hukawai_Mere_Elo
AG0699_rowi_198,AG0699_rowi_198,Willowbank,wild_chick_pens,holding_pen_1_hutch,198,198,kiwi_poo,kiwi_poo_treatment,20/02/2021,44247,830,Treatment - Transitionary,Transitionary,Hukawai_Mere,R.FK2021.1,negative,NA,Treatment,Treatment,35,NA,35,<40,490,3,1,negative,NA,14/02/2021,44241,0.5,3/03/2021,44258,0.5,NA,NA,NA,NA,negative,negative,NA,NA,negative,negative,Treatment_Hukawai_Mere
AG0699_rowi_199,AG0699_rowi_199,Willowbank,runs,run_1_hutch,199,199,kiwi_poo,kiwi_poo_control,3/03/2021,44258,830,Control - Runs,Runs,Oku,R.DX2021.1,negative,NA,Control,Control,104,NA,104,<110,880,7,1,positive,baycox,30/12/2020,44195,0.5,23/01/2021,44219,0.5,NA,NA,NA,NA,negative,negative,NA,NA,negative,negative,Control_Oku
AG0699_rowi_200,AG0699_rowi_200,Willowbank,runs,run_2_hutch,200,200,kiwi_poo,kiwi_poo_control,3/03/2021,44258,830,Control - Runs,Runs,Ahi_Naki,R.FB2021.1 / R.BT2021.1,positive,c1,Control,Control,91,98,94.5,<100,897.5,7,1,negative,NA,30/12/2020,44195,0.5,23/01/2021,44219,0.5,respiratory problems,NA,NA,NA,negative,negative,voriconazole,NA,positive,negative,Control_Ahi_Naki
AG0699_rowi_201,AG0699_rowi_201,Willowbank,runs,run_3_hutch,201,201,kiwi_poo,kiwi_poo_treatment,3/03/2021,44258,830,Treatment - Runs,Runs,Bobby_Kyla,R.DG2021.2 / R.BQ2021.2,positive,t1,Treatment,Treatment,72,56,64,<70,570,4,1,negative,NA,12/02/2020,43873,0.5,27/02/2021,44254,0.5,NA,NA,NA,NA,negative,negative,NA,NA,negative,negative,Treatment_Bobby_Kyla
AG0699_rowi_202,AG0699_rowi_202,Willowbank,runs,run_4_hutch,202,202,kiwi_poo,kiwi_poo_treatment,3/03/2021,44258,830,Treatment - Runs,Runs,Hokey_Pokey_Jaffa,R.CU2021.2 / R.K22021.2,positive,t2,Treatment,Treatment,64,61,62.5,<70,717.5,5,1,positive,baycox,12/02/2020,43873,0.5,27/02/2021,44254,0.5,NA,NA,NA,NA,negative,negative,NA,NA,negative,negative,Treatment_Hokey_Pokey_Jaffa
AG0699_rowi_203,AG0699_rowi_203,Willowbank,runs,run_5_hutch,203,203,kiwi_poo,kiwi_poo_control,3/03/2021,44258,830,Control - Runs,Runs,Snickers_Proudfoot,R.EX2021.1 / R.FA2021.1,positive,c9,Control,Control,140,150,145,<150,1162.5,10,1,positive,baycox,NA,NA,NA,NA,NA,NA,thrush,NA,NA,NA,negative,negative,NA,fluconazole,positive,negative,Control_Snickers_Proudfoot
AG0699_rowi_204,AG0699_rowi_204,Willowbank,runs,run_6_hutch,204,204,kiwi_poo,kiwi_poo_treatment,3/03/2021,44258,830,Treatment - Runs,Runs,PigPen,R.DR2021.1,negative,NA,Treatment,Treatment,107,NA,107,<110,875,7,1,negative,NA,12/02/2020,43873,0.5,27/02/2021,44254,0.5,respiratory problems,amoxycillin,clavulanate,NA,positive,negative,voriconazole,fluconazole,positive,negative,Treatment_PigPen
AG0699_rowi_205,AG0699_rowi_205,Willowbank,runs,run_7_hutch,205,205,kiwi_poo,kiwi_poo_treatment,3/03/2021,44258,830,Treatment - Runs,Runs,Light_Morehu,R.DH2021.1 / R.BU2021.1,positive,t4,Treatment,Treatment,80,78,79,<80,725,5,1,negative,NA,17/01/2021,44213,0.5,12/02/2020,43873,0.5,yolk sac infection,amoxycillin,clavulanate,NA,positive,negative,NA,NA,negative,negative,Treatment_Light_Morehu
AG0699_rowi_206,AG0699_rowi_206,Willowbank,runs,run_8_hutch,206,206,kiwi_poo,kiwi_poo_treatment,3/03/2021,44258,830,Treatment - Runs,Runs,TimTam_Galaxy,R.FA2021.2 / R.FP2021.2,positive,t5,Treatment,Treatment,58,58,58,<60,622.5,4,1,negative,NA,12/02/2020,43873,0.5,27/02/2021,44254,0.5,weight loss,amoxycillin,clavulanate,NA,positive,negative,NA,NA,negative,negative,Treatment_TimTam_Galaxy
AG0699_rowi_207,AG0699_rowi_207,Willowbank,runs,run_9_hutch,207,207,kiwi_poo,kiwi_poo_treatment,3/03/2021,44258,830,Treatment - Runs,Runs,Hukawai_Mere_Elo,R.FK2021.1 / R.BZ2021.1.1,positive,t3,Treatment,Treatment,46,62,54,<60,652.5,5,1,negative,NA,NA,NA,NA,NA,NA,NA,NA,NA,NA,NA,negative,negative,NA,NA,negative,negative,Treatment_Hukawai_Mere_Elo
AG0699_rowi_208,AG0699_rowi_208,Willowbank,runs,run_1_hutch,208,208,kiwi_poo,kiwi_poo_control,11/03/2021,44266,830,Control - Runs,Runs,Oku,R.DX2021.1,negative,NA,Control,Control,112,NA,112,<120,945,7,1,positive,baycox,30/12/2020,44195,0.5,23/01/2021,44219,0.5,thrush,NA,NA,NA,negative,negative,NA,fluconazole,positive,positive,Control_Oku
AG0699_rowi_209,AG0699_rowi_209,Willowbank,runs,run_3_hutch,209,209,kiwi_poo,kiwi_poo_treatment,11/03/2021,44266,830,Treatment - Runs,Runs,Bobby_Kyla,R.DG2021.2 / R.BQ2021.2,positive,t1,Treatment,Treatment,80,64,72,<80,627.5,4,1,negative,NA,12/02/2020,43873,0.5,27/02/2021,44254,0.5,NA,NA,NA,NA,negative,negative,NA,NA,negative,negative,Treatment_Bobby_Kyla
AG0699_rowi_210,AG0699_rowi_210,Willowbank,runs,run_4_hutch,210,210,kiwi_poo,kiwi_poo_treatment,11/03/2021,44266,830,Treatment - Runs,Runs,Hokey_Pokey_Jaffa,R.CU2021.2 / R.K22021.2,positive,t2,Treatment,Treatment,72,69,70.5,<80,810,6,1,positive,baycox,12/02/2020,43873,0.5,27/02/2021,44254,0.5,NA,NA,NA,NA,negative,negative,NA,NA,negative,negative,Treatment_Hokey_Pokey_Jaffa
AG0699_rowi_211,AG0699_rowi_211,Willowbank,runs,run_5_hutch,211,211,kiwi_poo,kiwi_poo_control,11/03/2021,44266,830,Control - Runs,Runs,Snickers_Proudfoot,R.EX2021.1 / R.FA2021.1,positive,c9,Control,Control,148,158,153,<160,1222.5,10,1,positive,baycox,NA,NA,NA,NA,NA,NA,thrush,NA,NA,NA,negative,negative,NA,fluconazole,positive,negative,Control_Snickers_Proudfoot
AG0699_rowi_212,AG0699_rowi_212,Willowbank,runs,run_6_hutch,212,212,kiwi_poo,kiwi_poo_treatment,11/03/2021,44266,830,Treatment - Runs,Runs,PigPen,R.DR2021.1,negative,NA,Treatment,Treatment,115,NA,115,<120,926,7,1,negative,NA,12/02/2020,43873,0.5,27/02/2021,44254,0.5,respiratory problems,amoxycillin,clavulanate,NA,positive,negative,voriconazole,fluconazole,positive,positive,Treatment_PigPen
AG0699_rowi_213,AG0699_rowi_213,Willowbank,runs,run_7_hutch,213,213,kiwi_poo,kiwi_poo_treatment,11/03/2021,44266,830,Treatment - Runs,Runs,Light_Morehu,R.DH2021.1 / R.BU2021.1,positive,t4,Treatment,Treatment,88,86,87,<90,782.5,6,1,negative,NA,17/01/2021,44213,0.5,12/02/2020,43873,0.5,"thrush, yolk sac infection",amoxycillin,clavulanate,NA,positive,negative,NA,fluconazole,positive,positive,Treatment_Light_Morehu
AG0699_rowi_214,AG0699_rowi_214,Willowbank,runs,run_8_hutch,214,214,kiwi_poo,kiwi_poo_treatment,11/03/2021,44266,830,Treatment - Runs,Runs,TimTam_Galaxy,R.FA2021.2 / R.FP2021.2,positive,t5,Treatment,Treatment,66,66,66,<70,672.5,5,1,negative,NA,12/02/2020,43873,0.5,27/02/2021,44254,0.5,"weight loss, thrush",amoxycillin,clavulanate,NA,positive,negative,NA,fluconazole,positive,positive,Treatment_TimTam_Galaxy
AG0699_rowi_215,AG0699_rowi_215,Willowbank,runs,run_9_hutch,215,215,kiwi_poo,kiwi_poo_treatment,11/03/2021,44266,830,Treatment - Runs,Runs,Hukawai_Mere_Elo,R.FK2021.1 / R.BZ2021.1.1,positive,t3,Treatment,Treatment,54,70,62,<70,712.5,5,1,negative,NA,NA,NA,NA,NA,NA,NA,thrush,NA,NA,NA,negative,negative,NA,fluconazole,positive,positive,Treatment_Hukawai_Mere_Elo
AG0699_rowi_216,AG0699_rowi_216,Willowbank,runs,run_1_hutch,216,216,kiwi_poo,kiwi_poo_control,17/03/2021,44272,830,Control - Runs,Runs,Oku,R.DX2021.1,negative,NA,Control,Control,118,NA,118,<120,995,8,1,positive,baycox,30/12/2020,44195,0.5,23/01/2021,44219,0.5,thrush,NA,NA,NA,negative,negative,NA,fluconazole,positive,negative,Control_Oku
AG0699_rowi_217,AG0699_rowi_217,Willowbank,runs,run_3_hutch,217,217,kiwi_poo,kiwi_poo_treatment,17/03/2021,44272,830,Treatment - Runs,Runs,Bobby_Kyla,R.DG2021.2 / R.BQ2021.2,positive,t1,Treatment,Treatment,86,70,78,<80,675,5,1,negative,NA,12/02/2020,43873,0.5,27/02/2021,44254,0.5,NA,NA,NA,NA,negative,negative,NA,NA,negative,negative,Treatment_Bobby_Kyla
AG0699_rowi_218,AG0699_rowi_218,Willowbank,runs,run_6_hutch,218,218,kiwi_poo,kiwi_poo_treatment,17/03/2021,44272,830,Treatment - Runs,Runs,PigPen,R.DR2021.1,negative,NA,Treatment,Treatment,121,NA,121,<130,975,8,1,positive,baycox,12/02/2020,43873,0.5,27/02/2021,44254,0.5,respiratory problems,amoxycillin,clavulanate,NA,positive,negative,voriconazole,fluconazole,positive,positive,Treatment_PigPen
AG0699_rowi_219,AG0699_rowi_219,Willowbank,runs,run_6_hutch,219,219,kiwi_poo,kiwi_poo_treatment,17/03/2021,44272,830,Treatment - Runs,Runs,PigPen,R.DR2021.1,negative,NA,Treatment,Treatment,121,NA,121,<130,975,8,1,positive,baycox,12/02/2020,43873,0.5,27/02/2021,44254,0.5,respiratory problems,amoxycillin,clavulanate,NA,positive,negative,voriconazole,fluconazole,positive,positive,Treatment_PigPen
AG0699_rowi_220,AG0699_rowi_220,Willowbank,runs,run_7_hutch,220,220,kiwi_poo,kiwi_poo_treatment,17/03/2021,44272,830,Treatment - Runs,Runs,Light_Morehu,R.DH2021.1 / R.BU2021.1,positive,t4,Treatment,Treatment,94,92,93,<100,832.5,6,1,negative,NA,17/01/2021,44213,0.5,12/02/2020,43873,0.5,"thrush, yolk sac infection",amoxycillin,clavulanate,NA,positive,negative,NA,fluconazole,positive,positive,Treatment_Light_Morehu
AG0699_rowi_221,AG0699_rowi_221,Willowbank,runs,run_8_hutch,221,221,kiwi_poo,kiwi_poo_treatment,17/03/2021,44272,830,Treatment - Runs,Runs,TimTam_Galaxy,R.FA2021.2 / R.FP2021.2,positive,t5,Treatment,Treatment,72,72,72,<80,750,6,1,negative,NA,12/02/2020,43873,0.5,27/02/2021,44254,0.5,"weight loss, thrush",amoxycillin,clavulanate,NA,positive,negative,NA,fluconazole,positive,positive,Treatment_TimTam_Galaxy
AG0699_rowi_222,AG0699_rowi_222,Willowbank,runs,run_9_hutch,222,222,kiwi_poo,kiwi_poo_treatment,17/03/2021,44272,830,Treatment - Runs,Runs,Hukawai_Mere_Elo,R.FK2021.1 / R.BZ2021.1.1,positive,t3,Treatment,Treatment,60,76,68,<70,762.5,6,1,negative,NA,NA,NA,NA,NA,NA,NA,thrush,NA,NA,NA,negative,negative,NA,fluconazole,positive,positive,Treatment_Hukawai_Mere_Elo
AG0699_rowi_223,AG0699_rowi_223,Willowbank,runs,run_1_hutch,223,223,kiwi_poo,kiwi_poo_control,25/03/2021,44280,830,Control - Runs,Runs,Oku,R.DX2021.1,negative,NA,Control,Control,126,NA,126,<130,1112,9,1,positive,baycox,30/12/2020,44195,0.5,23/01/2021,44219,0.5,thrush,NA,NA,NA,negative,negative,NA,fluconazole,positive,negative,Control_Oku
AG0699_rowi_224,AG0699_rowi_224,Willowbank,runs,run_3_hutch,224,224,kiwi_poo,kiwi_poo_treatment,25/03/2021,44280,830,Treatment - Runs,Runs,Bobby_Kyla,R.DG2021.2 / R.BQ2021.2,positive,t1,Treatment,Treatment,94,78,86,<90,710,5,1,negative,NA,12/02/2020,43873,0.5,27/02/2021,44254,0.5,NA,NA,NA,NA,negative,negative,NA,NA,negative,negative,Treatment_Bobby_Kyla
AG0699_rowi_225,AG0699_rowi_225,Willowbank,runs,run_6_hutch,225,225,kiwi_poo,kiwi_poo_treatment,25/03/2021,44280,830,Treatment - Runs,Runs,PigPen,R.DR2021.1,negative,NA,Treatment,Treatment,129,NA,129,<130,1000,8,1,positive,baycox,12/02/2020,43873,0.5,27/02/2021,44254,0.5,respiratory problems,amoxycillin,clavulanate,NA,positive,negative,voriconazole,fluconazole,positive,negative,Treatment_PigPen
AG0699_rowi_226,AG0699_rowi_226,Willowbank,runs,run_7_hutch,226,226,kiwi_poo,kiwi_poo_treatment,25/03/2021,44280,830,Treatment - Runs,Runs,Light_Morehu,R.DH2021.1 / R.BU2021.1,positive,t4,Treatment,Treatment,102,100,101,<110,860,7,1,negative,NA,17/01/2021,44213,0.5,12/02/2020,43873,0.5,"thrush, yolk sac infection",amoxycillin,clavulanate,NA,positive,negative,NA,fluconazole,positive,negative,Treatment_Light_Morehu
AG0699_rowi_227,AG0699_rowi_227,Willowbank,runs,run_8_hutch,227,227,kiwi_poo,kiwi_poo_treatment,25/03/2021,44280,830,Treatment - Runs,Runs,TimTam_Galaxy,R.FA2021.2 / R.FP2021.2,positive,t5,Treatment,Treatment,80,80,80,<80,835,6,1,negative,NA,12/02/2020,43873,0.5,27/02/2021,44254,0.5,"weight loss, thrush",amoxycillin,clavulanate,NA,positive,negative,NA,fluconazole,positive,negative,Treatment_TimTam_Galaxy
AG0699_rowi_228,AG0699_rowi_228,Willowbank,runs,run_9_hutch,228,228,kiwi_poo,kiwi_poo_treatment,25/03/2021,44280,830,Treatment - Runs,Runs,Hukawai_Mere_Elo,R.FK2021.1 / R.BZ2021.1.1,positive,t3,Treatment,Treatment,68,84,76,<80,835,6,1,negative,NA,NA,NA,NA,NA,NA,NA,thrush,NA,NA,NA,negative,negative,NA,fluconazole,positive,negative,Treatment_Hukawai_Mere_Elo
AG0699_rowi_229,AG0699_rowi_229,Willowbank,runs,run_7,229,229,environmental_soil,soil_willowbank,30/03/2021,44285,830,Willowbank soil,Soil,NA,NA,NA,NA,Willowbank environmental,NA,NA,NA,NA,NA,NA,NA,4,NA,NA,NA,NA,NA,NA,NA,NA,NA,NA,NA,NA,NA,NA,NA,NA,NA,NA,NA_NA
AG0699_rowi_230,AG0699_rowi_230,Willowbank,runs,run_7,230,230,environmental_soil,soil_willowbank,30/03/2021,44285,830,Willowbank soil,Soil,NA,NA,NA,NA,Willowbank environmental,NA,NA,NA,NA,NA,NA,NA,4,NA,NA,NA,NA,NA,NA,NA,NA,NA,NA,NA,NA,NA,NA,NA,NA,NA,NA,NA_NA
AG0699_rowi_231,AG0699_rowi_231,Willowbank,runs,run_7,231,231,environmental_soil,soil_willowbank,30/03/2021,44285,830,Willowbank soil,Soil,NA,NA,NA,NA,Willowbank environmental,NA,NA,NA,NA,NA,NA,NA,4,NA,NA,NA,NA,NA,NA,NA,NA,NA,NA,NA,NA,NA,NA,NA,NA,NA,NA,NA_NA
AG0699_rowi_232,AG0699_rowi_232,Willowbank,runs,run_7,232,232,environmental_soil,soil_willowbank,30/03/2021,44285,830,Willowbank soil,Soil,NA,NA,NA,NA,Willowbank environmental,NA,NA,NA,NA,NA,NA,NA,4,NA,NA,NA,NA,NA,NA,NA,NA,NA,NA,NA,NA,NA,NA,NA,NA,NA,NA,NA_NA
AG0699_rowi_233,AG0699_rowi_233,Willowbank,runs,run_7,233,233,environmental_soil,soil_willowbank,30/03/2021,44285,830,Willowbank soil,Soil,NA,NA,NA,NA,Willowbank environmental,NA,NA,NA,NA,NA,NA,NA,4,NA,NA,NA,NA,NA,NA,NA,NA,NA,NA,NA,NA,NA,NA,NA,NA,NA,NA,NA_NA
AG0699_rowi_234,AG0699_rowi_234,Willowbank,runs,run_7,234,234,environmental_soil,soil_willowbank,30/03/2021,44285,830,Willowbank soil,Soil,NA,NA,NA,NA,Willowbank environmental,NA,NA,NA,NA,NA,NA,NA,4,NA,NA,NA,NA,NA,NA,NA,NA,NA,NA,NA,NA,NA,NA,NA,NA,NA,NA,NA_NA
AG0699_rowi_235,AG0699_rowi_235,Willowbank,fresh_peat_moss_bag,peat_moss_sample,235,235,environmental_substrate,substrate_willowbank,30/03/2021,44285,830,Willowbank peat moss,NA,NA,NA,NA,NA,Willowbank environmental,NA,NA,NA,NA,NA,NA,NA,4,NA,NA,NA,NA,NA,NA,NA,NA,NA,NA,NA,NA,NA,NA,NA,NA,NA,NA,NA_NA
AG0699_rowi_237,AG0699_rowi_237,Willowbank,fresh_peat_moss_bag,peat_moss_sample,237,237,environmental_substrate,substrate_willowbank,30/03/2021,44285,830,Willowbank peat moss,NA,NA,NA,NA,NA,Willowbank environmental,NA,NA,NA,NA,NA,NA,NA,4,NA,NA,NA,NA,NA,NA,NA,NA,NA,NA,NA,NA,NA,NA,NA,NA,NA,NA,NA_NA
AG0699_rowi_238,AG0699_rowi_238,Willowbank,fresh_peat_moss_bag,peat_moss_sample,238,238,environmental_substrate,substrate_willowbank,30/03/2021,44285,830,Willowbank peat moss,NA,NA,NA,NA,NA,Willowbank environmental,NA,NA,NA,NA,NA,NA,NA,4,NA,NA,NA,NA,NA,NA,NA,NA,NA,NA,NA,NA,NA,NA,NA,NA,NA,NA,NA_NA
AG0699_rowi_239,AG0699_rowi_239,Willowbank,fresh_peat_moss_bag,peat_moss_sample,239,239,environmental_substrate,substrate_willowbank,30/03/2021,44285,830,Willowbank peat moss,NA,NA,NA,NA,NA,Willowbank environmental,NA,NA,NA,NA,NA,NA,NA,4,NA,NA,NA,NA,NA,NA,NA,NA,NA,NA,NA,NA,NA,NA,NA,NA,NA,NA,NA_NA
AG0699_rowi_240,AG0699_rowi_240,Willowbank,fresh_straw_bale,straw_sample,240,240,environmental_substrate,substrate_willowbank,30/03/2021,44285,830,Willowbank straw,NA,NA,NA,NA,NA,Willowbank environmental,NA,NA,NA,NA,NA,NA,NA,4,NA,NA,NA,NA,NA,NA,NA,NA,NA,NA,NA,NA,NA,NA,NA,NA,NA,NA,NA_NA
AG0699_rowi_241,AG0699_rowi_241,Willowbank,fresh_straw_bale,straw_sample,241,241,environmental_substrate,substrate_willowbank,30/03/2021,44285,830,Willowbank straw,NA,NA,NA,NA,NA,Willowbank environmental,NA,NA,NA,NA,NA,NA,NA,4,NA,NA,NA,NA,NA,NA,NA,NA,NA,NA,NA,NA,NA,NA,NA,NA,NA,NA,NA_NA
AG0699_rowi_242,AG0699_rowi_242,Willowbank,fresh_straw_bale,straw_sample,242,242,environmental_substrate,substrate_willowbank,30/03/2021,44285,830,Willowbank straw,NA,NA,NA,NA,NA,Willowbank environmental,NA,NA,NA,NA,NA,NA,NA,4,NA,NA,NA,NA,NA,NA,NA,NA,NA,NA,NA,NA,NA,NA,NA,NA,NA,NA,NA_NA
AG0699_rowi_243,AG0699_rowi_243,Willowbank,fresh_straw_bale,straw_sample,243,243,environmental_substrate,substrate_willowbank,30/03/2021,44285,830,Willowbank straw,NA,NA,NA,NA,NA,Willowbank environmental,NA,NA,NA,NA,NA,NA,NA,4,NA,NA,NA,NA,NA,NA,NA,NA,NA,NA,NA,NA,NA,NA,NA,NA,NA,NA,NA_NA
AG0699_rowi_244,AG0699_rowi_244,Willowbank,fresh_straw_bale,straw_sample,244,244,environmental_substrate,substrate_willowbank,30/03/2021,44285,830,Willowbank straw,NA,NA,NA,NA,NA,Willowbank environmental,NA,NA,NA,NA,NA,NA,NA,4,NA,NA,NA,NA,NA,NA,NA,NA,NA,NA,NA,NA,NA,NA,NA,NA,NA,NA,NA_NA
AG0699_rowi_245,AG0699_rowi_245,Willowbank,fresh_straw_bale,straw_sample,245,245,environmental_substrate,substrate_willowbank,30/03/2021,44285,830,Willowbank straw,NA,NA,NA,NA,NA,Willowbank environmental,NA,NA,NA,NA,NA,NA,NA,4,NA,NA,NA,NA,NA,NA,NA,NA,NA,NA,NA,NA,NA,NA,NA,NA,NA,NA,NA_NA
AG0699_rowi_246,AG0699_rowi_246,Okarito,okarito,natal_soil_1,246,246,environmental_soil,soil_okarito,30/03/2021,44285,830,Okarito soil,Soil,NA,NA,NA,NA,Okarito environmental,NA,NA,NA,NA,NA,NA,NA,4,NA,NA,NA,NA,NA,NA,NA,NA,NA,NA,NA,NA,NA,NA,NA,NA,NA,NA,NA_NA
AG0699_rowi_247,AG0699_rowi_247,Okarito,okarito,natal_soil_1,247,247,environmental_soil,soil_okarito,30/03/2021,44285,830,Okarito soil,Soil,NA,NA,NA,NA,Okarito environmental,NA,NA,NA,NA,NA,NA,NA,4,NA,NA,NA,NA,NA,NA,NA,NA,NA,NA,NA,NA,NA,NA,NA,NA,NA,NA,NA_NA
AG0699_rowi_248,AG0699_rowi_248,Okarito,okarito,natal_soil_1,248,248,environmental_soil,soil_okarito,30/03/2021,44285,830,Okarito soil,Soil,NA,NA,NA,NA,Okarito environmental,NA,NA,NA,NA,NA,NA,NA,4,NA,NA,NA,NA,NA,NA,NA,NA,NA,NA,NA,NA,NA,NA,NA,NA,NA,NA,NA_NA
AG0699_rowi_249,AG0699_rowi_249,Okarito,okarito,natal_soil_1,249,249,environmental_soil,soil_okarito,30/03/2021,44285,830,Okarito soil,Soil,NA,NA,NA,NA,Okarito environmental,NA,NA,NA,NA,NA,NA,NA,4,NA,NA,NA,NA,NA,NA,NA,NA,NA,NA,NA,NA,NA,NA,NA,NA,NA,NA,NA_NA
AG0699_rowi_250,AG0699_rowi_250,Okarito,okarito,natal_soil_1,250,250,environmental_soil,soil_okarito,30/03/2021,44285,830,Okarito soil,Soil,NA,NA,NA,NA,Okarito environmental,NA,NA,NA,NA,NA,NA,NA,4,NA,NA,NA,NA,NA,NA,NA,NA,NA,NA,NA,NA,NA,NA,NA,NA,NA,NA,NA_NA
AG0699_rowi_251,AG0699_rowi_251,Okarito,okarito,natal_soil_1,251,251,environmental_soil,soil_okarito,30/03/2021,44285,830,Okarito soil,Soil,NA,NA,NA,NA,Okarito environmental,NA,NA,NA,NA,NA,NA,NA,4,NA,NA,NA,NA,NA,NA,NA,NA,NA,NA,NA,NA,NA,NA,NA,NA,NA,NA,NA_NA
AG0699_rowi_252,AG0699_rowi_252,Okarito,okarito,natal_soil_2,252,252,environmental_soil,soil_okarito,30/03/2021,44285,830,Okarito soil,Soil,NA,NA,NA,NA,Okarito environmental,NA,NA,NA,NA,NA,NA,NA,4,NA,NA,NA,NA,NA,NA,NA,NA,NA,NA,NA,NA,NA,NA,NA,NA,NA,NA,NA_NA
AG0699_rowi_253,AG0699_rowi_253,Okarito,okarito,natal_soil_2,253,253,environmental_soil,soil_okarito,30/03/2021,44285,830,Okarito soil,Soil,NA,NA,NA,NA,Okarito environmental,NA,NA,NA,NA,NA,NA,NA,4,NA,NA,NA,NA,NA,NA,NA,NA,NA,NA,NA,NA,NA,NA,NA,NA,NA,NA,NA_NA
AG0699_rowi_254,AG0699_rowi_254,Okarito,okarito,natal_soil_2,254,254,environmental_soil,soil_okarito,30/03/2021,44285,830,Okarito soil,Soil,NA,NA,NA,NA,Okarito environmental,NA,NA,NA,NA,NA,NA,NA,4,NA,NA,NA,NA,NA,NA,NA,NA,NA,NA,NA,NA,NA,NA,NA,NA,NA,NA,NA_NA
AG0699_rowi_255,AG0699_rowi_255,Okarito,okarito,natal_soil_2,255,255,environmental_soil,soil_okarito,30/03/2021,44285,830,Okarito soil,Soil,NA,NA,NA,NA,Okarito environmental,NA,NA,NA,NA,NA,NA,NA,4,NA,NA,NA,NA,NA,NA,NA,NA,NA,NA,NA,NA,NA,NA,NA,NA,NA,NA,NA_NA
AG0699_rowi_256,AG0699_rowi_256,Okarito,okarito,natal_soil_2,256,256,environmental_soil,soil_okarito,30/03/2021,44285,830,Okarito soil,Soil,NA,NA,NA,NA,Okarito environmental,NA,NA,NA,NA,NA,NA,NA,4,NA,NA,NA,NA,NA,NA,NA,NA,NA,NA,NA,NA,NA,NA,NA,NA,NA,NA,NA_NA
AG0699_rowi_257,AG0699_rowi_257,Okarito,okarito,natal_soil_3,257,257,environmental_soil,soil_okarito,30/03/2021,44285,830,Okarito soil,Soil,NA,NA,NA,NA,Okarito environmental,NA,NA,NA,NA,NA,NA,NA,4,NA,NA,NA,NA,NA,NA,NA,NA,NA,NA,NA,NA,NA,NA,NA,NA,NA,NA,NA_NA
AG0699_rowi_258,AG0699_rowi_258,Okarito,okarito,natal_soil_3,258,258,environmental_soil,soil_okarito,30/03/2021,44285,830,Okarito soil,Soil,NA,NA,NA,NA,Okarito environmental,NA,NA,NA,NA,NA,NA,NA,4,NA,NA,NA,NA,NA,NA,NA,NA,NA,NA,NA,NA,NA,NA,NA,NA,NA,NA,NA_NA
AG0699_rowi_259,AG0699_rowi_259,Okarito,okarito,natal_soil_3,259,259,environmental_soil,soil_okarito,30/03/2021,44285,830,Okarito soil,Soil,NA,NA,NA,NA,Okarito environmental,NA,NA,NA,NA,NA,NA,NA,4,NA,NA,NA,NA,NA,NA,NA,NA,NA,NA,NA,NA,NA,NA,NA,NA,NA,NA,NA_NA
AG0699_rowi_260,AG0699_rowi_260,Okarito,okarito,natal_soil_3,260,260,environmental_soil,soil_okarito,30/03/2021,44285,830,Okarito soil,Soil,NA,NA,NA,NA,Okarito environmental,NA,NA,NA,NA,NA,NA,NA,4,NA,NA,NA,NA,NA,NA,NA,NA,NA,NA,NA,NA,NA,NA,NA,NA,NA,NA,NA_NA
AG0699_rowi_261,AG0699_rowi_261,Okarito,okarito,natal_soil_4,261,261,environmental_soil,soil_okarito,30/03/2021,44285,830,Okarito soil,Soil,NA,NA,NA,NA,Okarito environmental,NA,NA,NA,NA,NA,NA,NA,4,NA,NA,NA,NA,NA,NA,NA,NA,NA,NA,NA,NA,NA,NA,NA,NA,NA,NA,NA_NA
AG0699_rowi_262,AG0699_rowi_262,Okarito,okarito,natal_soil_4,262,262,environmental_soil,soil_okarito,30/03/2021,44285,830,Okarito soil,Soil,NA,NA,NA,NA,Okarito environmental,NA,NA,NA,NA,NA,NA,NA,4,NA,NA,NA,NA,NA,NA,NA,NA,NA,NA,NA,NA,NA,NA,NA,NA,NA,NA,NA_NA
AG0699_rowi_263,AG0699_rowi_263,Okarito,okarito,natal_soil_4,263,263,environmental_soil,soil_okarito,30/03/2021,44285,830,Okarito soil,Soil,NA,NA,NA,NA,Okarito environmental,NA,NA,NA,NA,NA,NA,NA,4,NA,NA,NA,NA,NA,NA,NA,NA,NA,NA,NA,NA,NA,NA,NA,NA,NA,NA,NA_NA
AG0699_rowi_264,AG0699_rowi_264,Okarito,okarito,natal_soil_4,264,264,environmental_soil,soil_okarito,30/03/2021,44285,830,Okarito soil,Soil,NA,NA,NA,NA,Okarito environmental,NA,NA,NA,NA,NA,NA,NA,4,NA,NA,NA,NA,NA,NA,NA,NA,NA,NA,NA,NA,NA,NA,NA,NA,NA,NA,NA_NA
AG0699_rowi_265,AG0699_rowi_265,Okarito,okarito,natal_soil_4,265,265,environmental_soil,soil_okarito,30/03/2021,44285,830,Okarito soil,Soil,NA,NA,NA,NA,Okarito environmental,NA,NA,NA,NA,NA,NA,NA,4,NA,NA,NA,NA,NA,NA,NA,NA,NA,NA,NA,NA,NA,NA,NA,NA,NA,NA,NA_NA
AG0699_rowi_266,AG0699_rowi_266,Okarito,okarito,natal_soil_4,266,266,environmental_soil,soil_okarito,30/03/2021,44285,830,Okarito soil,Soil,NA,NA,NA,NA,Okarito environmental,NA,NA,NA,NA,NA,NA,NA,4,NA,NA,NA,NA,NA,NA,NA,NA,NA,NA,NA,NA,NA,NA,NA,NA,NA,NA,NA_NA
AG0699_rowi_267,AG0699_rowi_267,Willowbank,transport_box,transport_box,267,267,kiwi_poo,kiwi_poo_treatment,31/03/2021,44286,830,Treatment - Transitionary,Transitionary,Moonlight,R.EO2021.2,negative,NA,Treatment,Treatment,45,NA,45,<50,545,3,1,negative,NA,10/03/2021,44265,0.5,24/06/2021,44371,0.5,NA,amoxycillin,clavulanate,NA,positive,negative,NA,NA,negative,negative,Treatment_Moonlight
AG0699_rowi_268,AG0699_rowi_268,Willowbank,wild_chick_pens,holding_pen_1_hutch,268,268,kiwi_poo,kiwi_poo_treatment,31/03/2021,44286,830,Treatment - Transitionary,Transitionary,Moonlight,R.EO2021.2,negative,NA,Treatment,Treatment,45,NA,45,<50,545,3,1,negative,NA,10/03/2021,44265,0.5,24/06/2021,44371,0.5,NA,amoxycillin,clavulanate,NA,positive,negative,NA,NA,negative,negative,Treatment_Moonlight
AG0699_rowi_269,AG0699_rowi_269,Willowbank,runs,run_1_hutch,269,269,kiwi_poo,kiwi_poo_control,31/03/2021,44286,830,Control - Runs,Runs,Oku,R.DX2021.1,negative,NA,Control,Control,132,NA,132,<140,1055,9,1,positive,baycox,30/12/2020,44195,0.5,23/01/2021,44219,0.5,thrush,NA,NA,NA,negative,negative,NA,fluconazole,positive,negative,Control_Oku
AG0699_rowi_270,AG0699_rowi_270,Willowbank,runs,run_3_hutch,270,270,kiwi_poo,kiwi_poo_treatment,31/03/2021,44286,830,Treatment - Runs,Runs,Bobby_Kyla,R.DG2021.2 / R.BQ2021.2,positive,t1,Treatment,Treatment,100,84,92,<100,772.5,6,1,negative,NA,12/02/2020,43873,0.5,27/02/2021,44254,0.5,"thrush, swollen eyelid",amoxycillin,clavulanate,chlorosig,positive,positive,NA,fluconazole,positive,positive,Treatment_Bobby_Kyla
AG0699_rowi_271,AG0699_rowi_271,Willowbank,runs,run_6_hutch,271,271,kiwi_poo,kiwi_poo_treatment,31/03/2021,44286,830,Treatment - Runs,Runs,PigPen,R.DR2021.1,negative,NA,Treatment,Treatment,135,NA,135,<140,1035,8,1,positive,baycox,12/02/2020,43873,0.5,27/02/2021,44254,0.5,respiratory problems,amoxycillin,clavulanate,NA,positive,negative,voriconazole,fluconazole,positive,negative,Treatment_PigPen
AG0699_rowi_272,AG0699_rowi_272,Willowbank,runs,run_7_hutch,272,272,kiwi_poo,kiwi_poo_treatment,31/03/2021,44286,830,Treatment - Runs,Runs,Light_Morehu,R.DH2021.1 / R.BU2021.1,positive,t4,Treatment,Treatment,108,106,107,<110,907.5,7,1,negative,NA,17/01/2021,44213,0.5,12/02/2020,43873,0.5,"thrush, yolk sac infection",amoxycillin,clavulanate,NA,positive,negative,NA,fluconazole,positive,negative,Treatment_Light_Morehu
AG0699_rowi_273,AG0699_rowi_273,Willowbank,runs,run_8_hutch,273,273,kiwi_poo,kiwi_poo_treatment,31/03/2021,44286,830,Treatment - Runs,Runs,TimTam_Galaxy,R.FA2021.2 / R.FP2021.2,positive,t5,Treatment,Treatment,86,86,86,<90,852.5,7,1,negative,NA,12/02/2020,43873,0.5,27/02/2021,44254,0.5,"weight loss, thrush",amoxycillin,clavulanate,NA,positive,negative,NA,fluconazole,positive,negative,Treatment_TimTam_Galaxy
AG0699_rowi_274,AG0699_rowi_274,Willowbank,runs,run_9_hutch,274,274,kiwi_poo,kiwi_poo_treatment,31/03/2021,44286,830,Treatment - Runs,Runs,Hukawai_Mere_Elo,R.FK2021.1 / R.BZ2021.1.1,positive,t3,Treatment,Treatment,74,90,82,<90,875,7,1,negative,NA,NA,NA,NA,NA,NA,NA,thrush,NA,NA,NA,negative,negative,NA,fluconazole,positive,negative,Treatment_Hukawai_Mere_Elo
AG0699_rowi_275,AG0699_rowi_275,Willowbank,wild_chick_pens,holding_pen_1_hutch,275,275,kiwi_poo,kiwi_poo_treatment,1/04/2021,44287,830,Treatment - Transitionary,Transitionary,Moonlight,R.EO2021.2,negative,NA,Treatment,Treatment,46,NA,46,<50,560,4,1,negative,NA,10/03/2021,44265,0.5,24/06/2021,44371,0.5,NA,amoxycillin,clavulanate,NA,positive,negative,NA,NA,negative,negative,Treatment_Moonlight
AG0699_rowi_276,AG0699_rowi_276,Willowbank,wild_chick_pens,holding_pen_2_empty_floor,276,276,environmental_swab,swab_willowbank,1/04/2021,44287,830,Willowbank swab,NA,NA,NA,NA,NA,Willowbank environmental,NA,NA,NA,NA,NA,NA,NA,4,NA,NA,NA,NA,NA,NA,NA,NA,NA,NA,NA,NA,NA,NA,NA,NA,NA,NA,NA_NA
AG0699_rowi_277,AG0699_rowi_277,Willowbank,wild_chick_pens,holding_pen_3_empty_floor,277,277,environmental_swab,swab_willowbank,1/04/2021,44287,830,Willowbank swab,NA,NA,NA,NA,NA,Willowbank environmental,NA,NA,NA,NA,NA,NA,NA,4,NA,NA,NA,NA,NA,NA,NA,NA,NA,NA,NA,NA,NA,NA,NA,NA,NA,NA,NA_NA
AG0699_rowi_278,AG0699_rowi_278,Willowbank,wild_chick_pens,holding_pen_1_occupied_hutch,278,278,environmental_swab,swab_willowbank,1/04/2021,44287,830,Willowbank swab,NA,NA,NA,NA,NA,Willowbank environmental,NA,NA,NA,NA,NA,NA,NA,4,NA,NA,NA,NA,NA,NA,NA,NA,NA,NA,NA,NA,NA,NA,NA,NA,NA,NA,NA_NA
AG0699_rowi_286,AG0699_rowi_286,Okarito,okarito,natal_soil_5,286,286,environmental_soil,soil_okarito,12/04/2021,44298,1030,Okarito soil,Soil,NA,NA,NA,NA,Okarito environmental,NA,NA,NA,NA,NA,NA,NA,4,NA,NA,NA,NA,NA,NA,NA,NA,NA,NA,NA,NA,NA,NA,NA,NA,NA,NA,NA_NA
AG0699_rowi_289,AG0699_rowi_289,Okarito,okarito,natal_soil_5,289,289,environmental_soil,soil_okarito,12/04/2021,44298,1030,Okarito soil,Soil,NA,NA,NA,NA,Okarito environmental,NA,NA,NA,NA,NA,NA,NA,4,NA,NA,NA,NA,NA,NA,NA,NA,NA,NA,NA,NA,NA,NA,NA,NA,NA,NA,NA_NA
AG0699_rowi_303,AG0699_rowi_303,WCWC,wcwc_brooder_feeders,brooder_feeder_4,303,303,kiwi_poo,kiwi_poo_wcwc,23/10/2020,44127,1340,Control - Hatchery,Hatchery,Grail,H.JC2021.1,negative,NA,WCWC,Control,9,NA,9,<20,244,1,2,negative,NA,NA,NA,NA,NA,NA,NA,NA,NA,NA,NA,negative,negative,NA,NA,negative,negative,Control_Grail
AG0699_rowi_304,AG0699_rowi_304,WCWC,wcwc_brooder_feeders,brooder_feeder_1,304,304,kiwi_poo,kiwi_poo_wcwc,24/10/2020,44128,1015,Control - Hatchery,Hatchery,Ferris,R.FK2021.1,negative,NA,WCWC,Control,15,NA,15,<20,302,1,1,negative,NA,NA,NA,NA,NA,NA,NA,NA,NA,NA,NA,negative,negative,NA,NA,negative,negative,Control_Ferris
AG0699_rowi_308,AG0699_rowi_308,WCWC,wcwc_brooder_feeders,brooder_feeder_13,308,308,kiwi_poo,kiwi_poo_wcwc,24/10/2020,44128,1355,Control - Hatchery,Hatchery,Bunny,R.EO2021.1,negative,NA,WCWC,Control,13,NA,13,<20,252,1,1,negative,NA,NA,NA,NA,NA,NA,NA,NA,NA,NA,NA,negative,negative,NA,NA,negative,negative,Control_Bunny
AG0699_rowi_315,AG0699_rowi_315,WCWC,wcwc_brooder_feeders,brooder_feeder_10,315,315,kiwi_poo,kiwi_poo_wcwc,24/10/2020,44128,1335,Control - Hatchery,Hatchery,Wiggles,R.ES2021.1,negative,NA,WCWC,Control,24,NA,24,<30,286,1,2,negative,NA,27/10/2020,44131,0.5,10/11/2020,44145,0.5,NA,NA,NA,NA,negative,negative,NA,NA,negative,negative,Control_Wiggles
AG0699_rowi_316,AG0699_rowi_316,WCWC,wcwc_brooder_adjusters,brooder_adjuster_14,316,316,kiwi_poo,kiwi_poo_wcwc,24/10/2020,44128,1040,Control - Hatchery,Hatchery,Alice,R.EA2021.1,negative,NA,WCWC,Control,14,NA,14,<20,286,1,1,negative,NA,27/10/2020,44131,0.5,10/11/2020,44145,0.5,NA,NA,NA,NA,negative,negative,NA,NA,negative,negative,Control_Alice
AG0699_rowi_317,AG0699_rowi_317,WCWC,wcwc_nocturnal_house,nocturnal_house_nest_box_2,317,317,kiwi_poo,kiwi_poo_wcwc,25/10/2020,44129,850,Control - Late,Late,Atarau_Buddy,R.FK1920.2 / R.DQ1920.2,positive,wcwc1,WCWC,Control,279,272,275.5,Late,1200,10,3,negative,NA,NA,NA,NA,NA,NA,NA,NA,NA,NA,NA,negative,negative,NA,NA,negative,negative,Control_Atarau_Buddy
AG0699_rowi_318,AG0699_rowi_318,WCWC,wcwc_brooder_adjusters,brooder_adjuster_10,318,318,kiwi_poo,kiwi_poo_wcwc,24/10/2020,44128,1355,Control - Hatchery,Hatchery,Wiggles,R.ES2021.1,negative,NA,WCWC,Control,24,NA,24,<30,386,2,NA,negative,NA,27/10/2020,44131,0.5,10/11/2020,44145,0.5,NA,NA,NA,NA,negative,negative,NA,NA,negative,negative,Control_Wiggles
AG0699_rowi_319,AG0699_rowi_319,WCWC,wcwc_brooder_feeders,brooder_feeder_13,319,319,kiwi_poo,kiwi_poo_wcwc,25/10/2020,44129,1405,Control - Hatchery,Hatchery,Bunny,R.EO2021.1,negative,NA,WCWC,Control,14,NA,14,<20,257,1,1,negative,NA,NA,NA,NA,NA,NA,NA,NA,NA,NA,NA,negative,negative,NA,NA,negative,negative,Control_Bunny
AG0699_rowi_321,AG0699_rowi_321,WCWC,wcwc_brooder_feeders,brooder_feeder_6,321,321,kiwi_poo,kiwi_poo_wcwc,26/10/2020,44130,940,Control - Hatchery,Hatchery,Doc,H.MD2021.1,negative,NA,WCWC,Control,29,NA,29,<30,438,2,2,negative,NA,NA,NA,NA,NA,NA,NA,NA,NA,NA,NA,negative,negative,NA,NA,negative,negative,Control_Doc
AG0699_rowi_322,AG0699_rowi_322,WCWC,wcwc_nocturnal_house,nocturnal_house_nest_box_2,322,322,kiwi_poo,kiwi_poo_wcwc,26/10/2020,44130,NA,Control - Late,Late,Atarau_Buddy,R.FK1920.2 / R.DQ1920.2,positive,wcwc1,WCWC,Control,280,273,276.5,Late,1200,10,3,negative,NA,NA,NA,NA,NA,NA,NA,NA,NA,NA,NA,negative,negative,NA,NA,negative,negative,Control_Atarau_Buddy
AG0699_rowi_326,AG0699_rowi_326,WCWC,wcwc_brooder_feeders,brooder_feeder_13,326,326,kiwi_poo,kiwi_poo_wcwc,5/01/2021,44201,930,Control - Hatchery,Hatchery,Bobby,R.DG2021.2,negative,NA,WCWC,Control,15,NA,15,<20,253,1,1,negative,NA,12/02/2020,43873,0.5,27/02/2021,44254,0.5,NA,NA,NA,NA,negative,negative,NA,NA,negative,negative,Control_Bobby
AG0699_rowi_328,AG0699_rowi_328,WCWC,wcwc_brooder_adjusters,brooder_adjuster_12,328,328,kiwi_poo,kiwi_poo_wcwc,11/01/2021,44207,940,Control - Hatchery,Hatchery,Kyla,R.BQ2021.2,negative,NA,WCWC,Control,5,NA,5,<20,279,1,1,negative,NA,12/02/2020,43873,0.5,27/02/2021,44254,0.5,NA,NA,NA,NA,negative,negative,NA,NA,negative,negative,Control_Kyla
AG0699_rowi_329,AG0699_rowi_329,WCWC,wcwc_brooder_adjusters,brooder_adjuster_1,329,329,kiwi_poo,kiwi_poo_wcwc,12/01/2021,44208,1600,Control - Hatchery,Hatchery,Lochy,H.UC2021.2,negative,NA,WCWC,Control,3,NA,3,<20,296,1,1,negative,NA,NA,NA,NA,NA,NA,NA,NA,NA,NA,NA,negative,negative,NA,NA,negative,negative,Control_Lochy
AG0699_rowi_330,AG0699_rowi_330,WCWC,wcwc_brooder_feeders,brooder_feeder_11,330,330,kiwi_poo,kiwi_poo_wcwc,13/01/2021,44209,1310,Control - Hatchery,Hatchery,Elo,R.BZ2021.1,negative,NA,WCWC,Control,13,NA,13,<20,287,1,1,negative,NA,7/02/2021,44234,0.5,27/02/2021,44254,0.5,NA,NA,NA,NA,negative,negative,NA,NA,negative,negative,Control_Elo
AG0699_rowi_331,AG0699_rowi_331,WCWC,wcwc_hatchery,hatchery_SA_3,331,331,kiwi_poo,kiwi_poo_wcwc,21/01/2021,44217,900,Control - Hatchery,Hatchery,Rohi,R.DZ2021.2,negative,NA,WCWC,Control,1,NA,1,<20,335.2,1,1,negative,NA,NA,NA,NA,NA,NA,NA,NA,NA,NA,NA,negative,negative,NA,NA,negative,negative,Control_Rohi
AG0699_rowi_332,AG0699_rowi_332,WCWC,wcwc_brooder_feeders,brooder_feeder_18,332,332,kiwi_poo,kiwi_poo_wcwc,26/01/2021,44222,NA,Control - Hatchery,Hatchery,Cecil,R.EA2021.2,negative,NA,WCWC,Control,8,NA,8,<20,244,1,1,negative,NA,NA,NA,NA,NA,NA,NA,NA,NA,NA,NA,negative,negative,NA,NA,negative,negative,Control_Cecil
AG0699_rowi_333,AG0699_rowi_333,WCWC,wcwc_brooder_feeders,brooder_feeder_13,333,333,kiwi_poo,kiwi_poo_wcwc,12/01/2021,44208,1605,Control - Hatchery,Hatchery,Bobby,R.DG2021.2,negative,NA,WCWC,Control,22,NA,22,<30,283,1,1,negative,NA,12/02/2020,43873,0.5,27/02/2021,44254,0.5,NA,NA,NA,NA,negative,negative,NA,NA,negative,negative,Control_Bobby
AG0699_rowi_334,AG0699_rowi_334,WCWC,wcwc_hatchery,hatchery_SA_6,334,334,kiwi_poo,kiwi_poo_wcwc,26/01/2021,44222,1545,Control - Hatchery,Hatchery,Ducky,R.FW2021.2,negative,NA,WCWC,Control,2,NA,2,<20,295.2,1,1,negative,NA,NA,NA,NA,NA,NA,NA,NA,NA,NA,NA,negative,negative,NA,NA,negative,negative,Control_Ducky
AG0699_rowi_336,AG0699_rowi_336,WCWC,wcwc_nocturnal_house,nocturnal_house_nest_box_4,336,336,kiwi_poo,kiwi_poo_wcwc,3/02/2021,44230,820,Control - Late,Late,Ferris_Benji,R.FK2021.1 / R.EA2021.1.1,positive,wcwc2,WCWC,Control,117,116,116.5,<120,1000,8,3,negative,NA,NA,NA,NA,NA,NA,NA,NA,NA,NA,NA,negative,negative,NA,NA,negative,negative,Control_Ferris_Benji
AG0699_rowi_338,AG0699_rowi_338,WCWC,wcwc_hatchery,hatchery_SA_6,338,338,kiwi_poo,kiwi_poo_wcwc,14/02/2021,44241,1340,Control - Hatchery,Hatchery,Moonlight,R.EO2021.2,negative,NA,WCWC,Control,0,NA,0,<20,290.8,1,1,negative,NA,10/03/2021,44265,0.5,24/06/2021,44371,0.5,NA,NA,NA,NA,negative,negative,NA,NA,negative,negative,Control_Moonlight
AG0699_rowi_339,AG0699_rowi_339,WCWC,wcwc_brooder_adjusters,brooder_adjuster_11,339,339,kiwi_poo,kiwi_poo_wcwc,18/02/2021,44245,855,Control - Hatchery,Hatchery,Moonlight,R.EO2021.2,negative,NA,WCWC,Control,4,NA,4,<20,247,1,3,negative,NA,10/03/2021,44265,0.5,24/06/2021,44371,0.5,NA,NA,NA,NA,negative,negative,NA,NA,negative,negative,Control_Moonlight
AG0699_rowi_340,AG0699_rowi_340,WCWC,wcwc_brooder_feeders,brooder_feeder_11,340,340,kiwi_poo,kiwi_poo_wcwc,21/02/2021,44248,1347,Control - Hatchery,Hatchery,Moonlight,R.EO2021.2,negative,NA,WCWC,Control,7,NA,7,<20,292,1,1,negative,NA,10/03/2021,44265,0.5,24/06/2021,44371,0.5,NA,NA,NA,NA,negative,negative,NA,NA,negative,negative,Control_Moonlight
AG0699_rowi_341,AG0699_rowi_341,WCWC,wcwc_brooder_feeders,brooder_feeder_11,341,341,kiwi_poo,kiwi_poo_wcwc,25/02/2021,44252,930,Control - Hatchery,Hatchery,Moonlight,R.EO2021.2,negative,NA,WCWC,Control,11,NA,11,<20,238,1,3,negative,NA,10/03/2021,44265,0.5,24/06/2021,44371,0.5,NA,NA,NA,NA,negative,negative,NA,NA,negative,negative,Control_Moonlight
AG0699_rowi_342,AG0699_rowi_342,WCWC,wcwc_brooder_feeders,brooder_feeder_12,342,342,kiwi_poo,kiwi_poo_wcwc,26/02/2021,44253,840,Control - Hatchery,Hatchery,Rohi,R.DZ2021.2,negative,NA,WCWC,Control,37,NA,37,<40,501,3,1,negative,NA,NA,NA,NA,NA,NA,NA,NA,NA,NA,NA,negative,negative,NA,NA,negative,negative,Control_Rohi
AG0699_rowi_343,AG0699_rowi_343,WCWC,wcwc_brooder_feeders,brooder_feeder_4,343,343,kiwi_poo,kiwi_poo_wcwc,26/02/2021,44253,840,Control - Hatchery,Hatchery,Cecil,R.EA2021.2,negative,NA,WCWC,Control,39,NA,39,<40,532,3,1,negative,NA,NA,NA,NA,NA,NA,NA,NA,NA,NA,NA,negative,negative,NA,NA,negative,negative,Control_Cecil
AG0699_rowi_344,AG0699_rowi_344,WCWC,wcwc_nocturnal_house,nocturnal_house_unknown,344,344,kiwi_poo,kiwi_poo_wcwc,27/02/2021,44254,935,Control - Late,Late,Ferris_Benji,R.FK2021.1 / R.EA2021.1.1,positive,wcwc2,WCWC,Control,141,140,140.5,<150,1000,8,3,negative,NA,NA,NA,NA,NA,NA,NA,NA,NA,NA,NA,negative,negative,NA,NA,negative,negative,Control_Ferris_Benji
